inserttime,MonitorAddress,每GURL量
2021-01-25 00:00:10+00:00,广东广州南方基地3.1栋203机房,1359185.110652921
2021-01-25 00:05:14+00:00,广东广州南方基地3.1栋203机房,
2021-01-25 00:06:14+00:00,广东广州南方基地3.1栋203机房,1305115.446866772
2021-01-25 00:07:37+00:00,广东广州南方基地3.1栋203机房,1391155.6376068376
2021-01-25 00:07:49+00:00,广东广州南方基地3.1栋203机房,1343108.58575126
2021-01-25 00:10:10+00:00,广东广州南方基地3.1栋203机房,1412704.5340276957
2021-01-25 00:15:14+00:00,广东广州南方基地3.1栋203机房,
2021-01-25 00:16:14+00:00,广东广州南方基地3.1栋203机房,1381960.4624584718
2021-01-25 00:17:37+00:00,广东广州南方基地3.1栋203机房,1381717.8850388927
2021-01-25 00:17:49+00:00,广东广州南方基地3.1栋203机房,1366111.8785322648
2021-01-25 00:20:10+00:00,广东广州南方基地3.1栋203机房,1378378.2276437033
2021-01-25 00:25:14+00:00,广东广州南方基地3.1栋203机房,
2021-01-25 00:26:14+00:00,广东广州南方基地3.1栋203机房,1312132.4701656357
2021-01-25 00:27:37+00:00,广东广州南方基地3.1栋203机房,1364382.9616103838
2021-01-25 00:27:49+00:00,广东广州南方基地3.1栋203机房,1288721.002453787
2021-01-25 00:30:10+00:00,广东广州南方基地3.1栋203机房,1361013.2703659977
2021-01-25 00:35:14+00:00,广东广州南方基地3.1栋203机房,
2021-01-25 00:36:14+00:00,广东广州南方基地3.1栋203机房,1258210.5713187235
2021-01-25 00:37:37+00:00,广东广州南方基地3.1栋203机房,1350729.118104907
2021-01-25 00:37:49+00:00,广东广州南方基地3.1栋203机房,1284744.8824370394
2021-01-25 00:40:10+00:00,广东广州南方基地3.1栋203机房,1331694.1833883668
2021-01-25 00:45:14+00:00,广东广州南方基地3.1栋203机房,
2021-01-25 00:46:14+00:00,广东广州南方基地3.1栋203机房,
2021-01-25 00:47:37+00:00,广东广州南方基地3.1栋203机房,1314185.1077153839
2021-01-25 00:47:49+00:00,广东广州南方基地3.1栋203机房,1282050.0088278567
2021-01-25 00:50:10+00:00,广东广州南方基地3.1栋203机房,1276371.944794684
2021-01-25 00:55:14+00:00,广东广州南方基地3.1栋203机房,
2021-01-25 00:56:14+00:00,广东广州南方基地3.1栋203机房,1263527.9907084785
2021-01-25 00:57:37+00:00,广东广州南方基地3.1栋203机房,1297504.6746104492
2021-01-25 00:57:49+00:00,广东广州南方基地3.1栋203机房,1247003.5142224494
2021-01-25 01:00:10+00:00,广东广州南方基地3.1栋203机房,1307005.0819470116
2021-01-25 01:05:14+00:00,广东广州南方基地3.1栋203机房,
2021-01-25 01:06:14+00:00,广东广州南方基地3.1栋203机房,1234181.2265609514
2021-01-25 01:07:37+00:00,广东广州南方基地3.1栋203机房,1271907.5368737099
2021-01-25 01:07:49+00:00,广东广州南方基地3.1栋203机房,1228180.4230535894
2021-01-25 01:10:10+00:00,广东广州南方基地3.1栋203机房,1277253.9014473897
2021-01-25 01:15:14+00:00,广东广州南方基地3.1栋203机房,
2021-01-25 01:16:14+00:00,广东广州南方基地3.1栋203机房,1195290.3374485597
2021-01-25 01:17:37+00:00,广东广州南方基地3.1栋203机房,1232858.690480443
2021-01-25 01:17:49+00:00,广东广州南方基地3.1栋203机房,1191669.3964497042
2021-01-25 01:20:10+00:00,广东广州南方基地3.1栋203机房,1218241.0214639516
2021-01-25 01:25:15+00:00,广东广州南方基地3.1栋203机房,
2021-01-25 01:26:14+00:00,广东广州南方基地3.1栋203机房,1180182.987755102
2021-01-25 01:27:37+00:00,广东广州南方基地3.1栋203机房,1212637.4507474913
2021-01-25 01:27:49+00:00,广东广州南方基地3.1栋203机房,1158639.2964539006
2021-01-25 01:30:10+00:00,广东广州南方基地3.1栋203机房,1219782.131496556
2021-01-25 01:35:15+00:00,广东广州南方基地3.1栋203机房,
2021-01-25 01:36:14+00:00,广东广州南方基地3.1栋203机房,1177043.9205298014
2021-01-25 01:37:37+00:00,广东广州南方基地3.1栋203机房,1162492.9882352941
2021-01-25 01:37:49+00:00,广东广州南方基地3.1栋203机房,1098731.8509038554
2021-01-25 01:40:10+00:00,广东广州南方基地3.1栋203机房,1209389.000896861
2021-01-25 01:45:15+00:00,广东广州南方基地3.1栋203机房,
2021-01-25 01:46:14+00:00,广东广州南方基地3.1栋203机房,1144763.6268330733
2021-01-25 01:47:37+00:00,广东广州南方基地3.1栋203机房,1223268.4244372991
2021-01-25 01:47:49+00:00,广东广州南方基地3.1栋203机房,1123957.5004608296
2021-01-25 01:50:10+00:00,广东广州南方基地3.1栋203机房,1198340.154944817
2021-01-25 01:55:15+00:00,广东广州南方基地3.1栋203机房,
2021-01-25 01:56:14+00:00,广东广州南方基地3.1栋203机房,1146527.6559139786
2021-01-25 01:57:37+00:00,广东广州南方基地3.1栋203机房,1193213.903201787
2021-01-25 01:57:49+00:00,广东广州南方基地3.1栋203机房,1135764.01179941
2021-01-25 02:00:10+00:00,广东广州南方基地3.1栋203机房,1184643.4845735028
2021-01-25 02:05:15+00:00,广东广州南方基地3.1栋203机房,
2021-01-25 02:06:14+00:00,广东广州南方基地3.1栋203机房,1115775.7622291022
2021-01-25 02:07:37+00:00,广东广州南方基地3.1栋203机房,1171923.2833136094
2021-01-25 02:07:49+00:00,广东广州南方基地3.1栋203机房,1104154.2332155476
2021-01-25 02:10:10+00:00,广东广州南方基地3.1栋203机房,1128896.4806248122
2021-01-25 02:15:15+00:00,广东广州南方基地3.1栋203机房,
2021-01-25 02:16:14+00:00,广东广州南方基地3.1栋203机房,1109114.2093925031
2021-01-25 02:17:37+00:00,广东广州南方基地3.1栋203机房,1165248.0224640225
2021-01-25 02:17:49+00:00,广东广州南方基地3.1栋203机房,1104940.6042632067
2021-01-25 02:20:10+00:00,广东广州南方基地3.1栋203机房,1174418.2456579565
2021-01-25 02:25:15+00:00,广东广州南方基地3.1栋203机房,
2021-01-25 02:26:14+00:00,广东广州南方基地3.1栋203机房,1079009.604221636
2021-01-25 02:27:37+00:00,广东广州南方基地3.1栋203机房,1143065.9524405508
2021-01-25 02:27:49+00:00,广东广州南方基地3.1栋203机房,1063005.9449541285
2021-01-25 02:30:10+00:00,广东广州南方基地3.1栋203机房,1148730.1013166704
2021-01-25 02:35:15+00:00,广东广州南方基地3.1栋203机房,
2021-01-25 02:36:14+00:00,广东广州南方基地3.1栋203机房,1102371.740958789
2021-01-25 02:37:37+00:00,广东广州南方基地3.1栋203机房,1100276.2063582714
2021-01-25 02:37:49+00:00,广东广州南方基地3.1栋203机房,1072870.0158870255
2021-01-25 02:40:10+00:00,广东广州南方基地3.1栋203机房,1102317.082240763
2021-01-25 02:45:15+00:00,广东广州南方基地3.1栋203机房,
2021-01-25 02:46:14+00:00,广东广州南方基地3.1栋203机房,
2021-01-25 02:47:37+00:00,广东广州南方基地3.1栋203机房,1040670.5717732208
2021-01-25 02:47:49+00:00,广东广州南方基地3.1栋203机房,1049140.6612816371
2021-01-25 02:50:10+00:00,广东广州南方基地3.1栋203机房,1094809.9677978698
2021-01-25 02:55:15+00:00,广东广州南方基地3.1栋203机房,
2021-01-25 02:56:14+00:00,广东广州南方基地3.1栋203机房,1063344.676056338
2021-01-25 02:57:37+00:00,广东广州南方基地3.1栋203机房,1111866.8841761828
2021-01-25 02:57:49+00:00,广东广州南方基地3.1栋203机房,1057526.1096136568
2021-01-25 03:00:10+00:00,广东广州南方基地3.1栋203机房,1093422.051583415
2021-01-25 03:05:15+00:00,广东广州南方基地3.1栋203机房,
2021-01-25 03:06:14+00:00,广东广州南方基地3.1栋203机房,1052056.4292826848
2021-01-25 03:07:37+00:00,广东广州南方基地3.1栋203机房,1049751.533632287
2021-01-25 03:07:49+00:00,广东广州南方基地3.1栋203机房,1023977.3909843606
2021-01-25 03:10:10+00:00,广东广州南方基地3.1栋203机房,1058043.9548532732
2021-01-25 03:15:15+00:00,广东广州南方基地3.1栋203机房,
2021-01-25 03:16:14+00:00,广东广州南方基地3.1栋203机房,1053585.9187768754
2021-01-25 03:17:37+00:00,广东广州南方基地3.1栋203机房,1042289.5731414868
2021-01-25 03:17:48+00:00,广东广州南方基地3.1栋203机房,
2021-01-25 03:20:09+00:00,广东广州南方基地3.1栋203机房,915340.642389311
2021-01-25 03:25:15+00:00,广东广州南方基地3.1栋203机房,
2021-01-25 03:26:14+00:00,广东广州南方基地3.1栋203机房,1032152.5204819277
2021-01-25 03:27:37+00:00,广东广州南方基地3.1栋203机房,1064880.1522394987
2021-01-25 03:27:48+00:00,广东广州南方基地3.1栋203机房,1030515.4204660588
2021-01-25 03:30:09+00:00,广东广州南方基地3.1栋203机房,1056096.524590164
2021-01-25 03:35:15+00:00,广东广州南方基地3.1栋203机房,
2021-01-25 03:36:14+00:00,广东广州南方基地3.1栋203机房,1034623.6069600818
2021-01-25 03:37:37+00:00,广东广州南方基地3.1栋203机房,1042225.6124031008
2021-01-25 03:37:48+00:00,广东广州南方基地3.1栋203机房,1026334.3656154061
2021-01-25 03:40:09+00:00,广东广州南方基地3.1栋203机房,1054699.8842580302
2021-01-25 03:45:15+00:00,广东广州南方基地3.1栋203机房,
2021-01-25 03:46:14+00:00,广东广州南方基地3.1栋203机房,1063772.7536231885
2021-01-25 03:47:37+00:00,广东广州南方基地3.1栋203机房,1089987.3388590931
2021-01-25 03:47:48+00:00,广东广州南方基地3.1栋203机房,1024107.2373363688
2021-01-25 03:50:09+00:00,广东广州南方基地3.1栋203机房,1073612.224719101
2021-01-25 03:55:15+00:00,广东广州南方基地3.1栋203机房,
2021-01-25 03:56:14+00:00,广东广州南方基地3.1栋203机房,
2021-01-25 03:57:37+00:00,广东广州南方基地3.1栋203机房,1037825.4083520881
2021-01-25 03:57:48+00:00,广东广州南方基地3.1栋203机房,1032742.6556259133
2021-01-25 04:00:09+00:00,广东广州南方基地3.1栋203机房,1071537.5182481753
2021-01-25 04:05:15+00:00,广东广州南方基地3.1栋203机房,
2021-01-25 04:06:14+00:00,广东广州南方基地3.1栋203机房,1023854.3280719281
2021-01-25 04:07:37+00:00,广东广州南方基地3.1栋203机房,1058943.7817933855
2021-01-25 04:07:48+00:00,广东广州南方基地3.1栋203机房,1033379.2463768116
2021-01-25 04:10:09+00:00,广东广州南方基地3.1栋203机房,1050558.7206915182
2021-01-25 04:15:15+00:00,广东广州南方基地3.1栋203机房,
2021-01-25 04:16:14+00:00,广东广州南方基地3.1栋203机房,1016453.3216630197
2021-01-25 04:17:36+00:00,广东广州南方基地3.1栋203机房,1042365.2833168806
2021-01-25 04:17:48+00:00,广东广州南方基地3.1栋203机房,982341.0926989336
2021-01-25 04:20:09+00:00,广东广州南方基地3.1栋203机房,1020808.1540740741
2021-01-25 04:25:15+00:00,广东广州南方基地3.1栋203机房,
2021-01-25 04:26:14+00:00,广东广州南方基地3.1栋203机房,987434.5422740525
2021-01-25 04:27:36+00:00,广东广州南方基地3.1栋203机房,1031563.7050147493
2021-01-25 04:27:48+00:00,广东广州南方基地3.1栋203机房,1001485.4789005033
2021-01-25 04:30:09+00:00,广东广州南方基地3.1栋203机房,1024200.2853707415
2021-01-25 04:35:15+00:00,广东广州南方基地3.1栋203机房,
2021-01-25 04:36:14+00:00,广东广州南方基地3.1栋203机房,961654.5684210527
2021-01-25 04:37:36+00:00,广东广州南方基地3.1栋203机房,1008161.1466425775
2021-01-25 04:37:48+00:00,广东广州南方基地3.1栋203机房,967592.9791555319
2021-01-25 04:40:09+00:00,广东广州南方基地3.1栋203机房,1026839.5780635003
2021-01-25 04:45:15+00:00,广东广州南方基地3.1栋203机房,
2021-01-25 04:46:14+00:00,广东广州南方基地3.1栋203机房,
2021-01-25 04:47:36+00:00,广东广州南方基地3.1栋203机房,1041308.2418174817
2021-01-25 04:47:48+00:00,广东广州南方基地3.1栋203机房,998998.9757322175
2021-01-25 04:50:09+00:00,广东广州南方基地3.1栋203机房,1047061.8108303249
2021-01-25 04:55:15+00:00,广东广州南方基地3.1栋203机房,
2021-01-25 04:56:14+00:00,广东广州南方基地3.1栋203机房,1035586.378470739
2021-01-25 04:57:36+00:00,广东广州南方基地3.1栋203机房,1043253.2791878172
2021-01-25 04:57:48+00:00,广东广州南方基地3.1栋203机房,1029832.8341608739
2021-01-25 05:00:09+00:00,广东广州南方基地3.1栋203机房,1052538.2304993253
2021-01-25 05:05:15+00:00,广东广州南方基地3.1栋203机房,
2021-01-25 05:06:13+00:00,广东广州南方基地3.1栋203机房,1035865.9878787879
2021-01-25 05:07:36+00:00,广东广州南方基地3.1栋203机房,1045280.663733501
2021-01-25 05:07:48+00:00,广东广州南方基地3.1栋203机房,1017208.3418803419
2021-01-25 05:10:09+00:00,广东广州南方基地3.1栋203机房,1032951.5231788079
2021-01-25 05:15:15+00:00,广东广州南方基地3.1栋203机房,
2021-01-25 05:16:13+00:00,广东广州南方基地3.1栋203机房,1044094.905982906
2021-01-25 05:17:36+00:00,广东广州南方基地3.1栋203机房,1046054.8336612022
2021-01-25 05:17:48+00:00,广东广州南方基地3.1栋203机房,1044696.6955234924
2021-01-25 05:20:09+00:00,广东广州南方基地3.1栋203机房,1039143.532233883
2021-01-25 05:25:15+00:00,广东广州南方基地3.1栋203机房,
2021-01-25 05:26:13+00:00,广东广州南方基地3.1栋203机房,1041647.8467129171
2021-01-25 05:27:36+00:00,广东广州南方基地3.1栋203机房,1011095.727348296
2021-01-25 05:27:48+00:00,广东广州南方基地3.1栋203机房,1024473.4943093059
2021-01-25 05:30:09+00:00,广东广州南方基地3.1栋203机房,1004980.9365426695
2021-01-25 05:35:15+00:00,广东广州南方基地3.1栋203机房,
2021-01-25 05:36:13+00:00,广东广州南方基地3.1栋203机房,1024999.5722511653
2021-01-25 05:37:36+00:00,广东广州南方基地3.1栋203机房,1035977.5822550831
2021-01-25 05:37:48+00:00,广东广州南方基地3.1栋203机房,1043425.2905894519
2021-01-25 05:40:09+00:00,广东广州南方基地3.1栋203机房,1032972.9160660312
2021-01-25 05:45:15+00:00,广东广州南方基地3.1栋203机房,
2021-01-25 05:46:13+00:00,广东广州南方基地3.1栋203机房,
2021-01-25 05:47:36+00:00,广东广州南方基地3.1栋203机房,1060852.011707317
2021-01-25 05:47:48+00:00,广东广州南方基地3.1栋203机房,1062102.2187324734
2021-01-25 05:50:09+00:00,广东广州南方基地3.1栋203机房,1060262.2573454913
2021-01-25 05:55:15+00:00,广东广州南方基地3.1栋203机房,
2021-01-25 05:56:13+00:00,广东广州南方基地3.1栋203机房,1071185.734064687
2021-01-25 05:57:36+00:00,广东广州南方基地3.1栋203机房,1079683.7546666667
2021-01-25 05:57:48+00:00,广东广州南方基地3.1栋203机房,1065841.2469813393
2021-01-25 06:00:09+00:00,广东广州南方基地3.1栋203机房,1078019.7101449275
2021-01-25 06:05:15+00:00,广东广州南方基地3.1栋203机房,
2021-01-25 06:06:13+00:00,广东广州南方基地3.1栋203机房,
2021-01-25 06:07:36+00:00,广东广州南方基地3.1栋203机房,1093210.6443082877
2021-01-25 06:07:48+00:00,广东广州南方基地3.1栋203机房,1069998.5204301076
2021-01-25 06:10:09+00:00,广东广州南方基地3.1栋203机房,1103510.3419371326
2021-01-25 06:15:15+00:00,广东广州南方基地3.1栋203机房,
2021-01-25 06:16:13+00:00,广东广州南方基地3.1栋203机房,1130044.3107769424
2021-01-25 06:17:36+00:00,广东广州南方基地3.1栋203机房,1130532.587762394
2021-01-25 06:17:48+00:00,广东广州南方基地3.1栋203机房,1112752.3319502075
2021-01-25 06:20:09+00:00,广东广州南方基地3.1栋203机房,1109678.1280460118
2021-01-25 06:25:15+00:00,广东广州南方基地3.1栋203机房,
2021-01-25 06:26:13+00:00,广东广州南方基地3.1栋203机房,1104817.3120165034
2021-01-25 06:27:36+00:00,广东广州南方基地3.1栋203机房,1116754.2805224305
2021-01-25 06:27:48+00:00,广东广州南方基地3.1栋203机房,1112549.8479001136
2021-01-25 06:30:09+00:00,广东广州南方基地3.1栋203机房,1110613.5471189055
2021-01-25 06:35:15+00:00,广东广州南方基地3.1栋203机房,
2021-01-25 06:36:13+00:00,广东广州南方基地3.1栋203机房,1119913.9223724378
2021-01-25 06:37:36+00:00,广东广州南方基地3.1栋203机房,1124196.8933912204
2021-01-25 06:37:48+00:00,广东广州南方基地3.1栋203机房,1100877.2360097324
2021-01-25 06:40:09+00:00,广东广州南方基地3.1栋203机房,1136015.7823857302
2021-01-25 06:45:15+00:00,广东广州南方基地3.1栋203机房,
2021-01-25 06:46:13+00:00,广东广州南方基地3.1栋203机房,1126018.224328594
2021-01-25 06:47:36+00:00,广东广州南方基地3.1栋203机房,1175462.1685263563
2021-01-25 06:47:48+00:00,广东广州南方基地3.1栋203机房,1141498.5886178862
2021-01-25 06:50:09+00:00,广东广州南方基地3.1栋203机房,1175928.8460877042
2021-01-25 06:55:15+00:00,广东广州南方基地3.1栋203机房,
2021-01-25 06:56:13+00:00,广东广州南方基地3.1栋203机房,1165787.1491757138
2021-01-25 06:57:36+00:00,广东广州南方基地3.1栋203机房,1203164.7212527965
2021-01-25 06:57:48+00:00,广东广州南方基地3.1栋203机房,1168635.1147821133
2021-01-25 07:00:09+00:00,广东广州南方基地3.1栋203机房,1140501.9246340704
2021-01-25 07:05:15+00:00,广东广州南方基地3.1栋203机房,
2021-01-25 07:06:13+00:00,广东广州南方基地3.1栋203机房,1196242.6549689912
2021-01-25 07:07:36+00:00,广东广州南方基地3.1栋203机房,1242690.1720946177
2021-01-25 07:07:48+00:00,广东广州南方基地3.1栋203机房,1215054.3851213427
2021-01-25 07:10:09+00:00,广东广州南方基地3.1栋203机房,1271556.4036299607
2021-01-25 07:15:15+00:00,广东广州南方基地3.1栋203机房,
2021-01-25 07:16:13+00:00,广东广州南方基地3.1栋203机房,1236221.1091593476
2021-01-25 07:17:36+00:00,广东广州南方基地3.1栋203机房,1286244.224082421
2021-01-25 07:17:48+00:00,广东广州南方基地3.1栋203机房,1276413.8769281805
2021-01-25 07:20:09+00:00,广东广州南方基地3.1栋203机房,1309034.7629599234
2021-01-25 07:25:15+00:00,广东广州南方基地3.1栋203机房,
2021-01-25 07:26:13+00:00,广东广州南方基地3.1栋203机房,1286279.5713583482
2021-01-25 07:27:36+00:00,广东广州南方基地3.1栋203机房,1316058.40943194
2021-01-25 07:27:48+00:00,广东广州南方基地3.1栋203机房,1275295.1351351351
2021-01-25 07:30:09+00:00,广东广州南方基地3.1栋203机房,1308933.6695059626
2021-01-25 07:35:15+00:00,广东广州南方基地3.1栋203机房,
2021-01-25 07:36:13+00:00,广东广州南方基地3.1栋203机房,1305675.9978009895
2021-01-25 07:37:36+00:00,广东广州南方基地3.1栋203机房,1325466.235613604
2021-01-25 07:37:48+00:00,广东广州南方基地3.1栋203机房,1289695.9197994987
2021-01-25 07:40:09+00:00,广东广州南方基地3.1栋203机房,1302393.4107338444
2021-01-25 07:45:15+00:00,广东广州南方基地3.1栋203机房,
2021-01-25 07:46:13+00:00,广东广州南方基地3.1栋203机房,1309765.4869248592
2021-01-25 07:47:36+00:00,广东广州南方基地3.1栋203机房,1320700.6184926184
2021-01-25 07:47:48+00:00,广东广州南方基地3.1栋203机房,1310238.4969824194
2021-01-25 07:50:09+00:00,广东广州南方基地3.1栋203机房,1326769.6326530613
2021-01-25 07:55:15+00:00,广东广州南方基地3.1栋203机房,
2021-01-25 07:56:13+00:00,广东广州南方基地3.1栋203机房,1346454.317717506
2021-01-25 07:57:36+00:00,广东广州南方基地3.1栋203机房,1357038.4715920915
2021-01-25 07:57:48+00:00,广东广州南方基地3.1栋203机房,1347474.6112759644
2021-01-25 08:00:09+00:00,广东广州南方基地3.1栋203机房,1375872.8843224093
2021-01-25 08:05:15+00:00,广东广州南方基地3.1栋203机房,
2021-01-25 08:06:13+00:00,广东广州南方基地3.1栋203机房,1352393.691395725
2021-01-25 08:07:36+00:00,广东广州南方基地3.1栋203机房,1376443.4242135368
2021-01-25 08:07:48+00:00,广东广州南方基地3.1栋203机房,1334674.431759455
2021-01-25 08:10:09+00:00,广东广州南方基地3.1栋203机房,1375222.5905842313
2021-01-25 08:15:15+00:00,广东广州南方基地3.1栋203机房,
2021-01-25 08:16:13+00:00,广东广州南方基地3.1栋203机房,1329725.5150612758
2021-01-25 08:17:36+00:00,广东广州南方基地3.1栋203机房,1363348.6556543838
2021-01-25 08:17:48+00:00,广东广州南方基地3.1栋203机房,1347302.303138215
2021-01-25 08:20:09+00:00,广东广州南方基地3.1栋203机房,1352990.511153601
2021-01-25 08:25:15+00:00,广东广州南方基地3.1栋203机房,
2021-01-25 08:26:13+00:00,广东广州南方基地3.1栋203机房,1344681.1690734471
2021-01-25 08:27:36+00:00,广东广州南方基地3.1栋203机房,1352108.2201639519
2021-01-25 08:27:48+00:00,广东广州南方基地3.1栋203机房,
2021-01-25 08:30:09+00:00,广东广州南方基地3.1栋203机房,1344903.8751451052
2021-01-25 08:35:15+00:00,广东广州南方基地3.1栋203机房,
2021-01-25 08:36:13+00:00,广东广州南方基地3.1栋203机房,1320989.8146526215
2021-01-25 08:37:36+00:00,广东广州南方基地3.1栋203机房,1306598.364829797
2021-01-25 08:37:48+00:00,广东广州南方基地3.1栋203机房,1300662.6777125392
2021-01-25 08:40:09+00:00,广东广州南方基地3.1栋203机房,1294124.3204134367
2021-01-25 08:45:15+00:00,广东广州南方基地3.1栋203机房,
2021-01-25 08:46:13+00:00,广东广州南方基地3.1栋203机房,
2021-01-25 08:47:36+00:00,广东广州南方基地3.1栋203机房,1295412.496024856
2021-01-25 08:47:48+00:00,广东广州南方基地3.1栋203机房,1310793.9892746261
2021-01-25 08:50:09+00:00,广东广州南方基地3.1栋203机房,1295456.4005078904
2021-01-25 08:55:15+00:00,广东广州南方基地3.1栋203机房,
2021-01-25 08:56:13+00:00,广东广州南方基地3.1栋203机房,1313081.6576576577
2021-01-25 08:57:36+00:00,广东广州南方基地3.1栋203机房,1294539.7217430267
2021-01-25 08:57:47+00:00,广东广州南方基地3.1栋203机房,1331388.6009839787
2021-01-25 09:00:08+00:00,广东广州南方基地3.1栋203机房,1320760.4640861526
2021-01-25 09:05:15+00:00,广东广州南方基地3.1栋203机房,
2021-01-25 09:06:13+00:00,广东广州南方基地3.1栋203机房,1314363.8659035158
2021-01-25 09:07:36+00:00,广东广州南方基地3.1栋203机房,1315766.5631478739
2021-01-25 09:07:47+00:00,广东广州南方基地3.1栋203机房,1305224.2067982901
2021-01-25 09:10:08+00:00,广东广州南方基地3.1栋203机房,1316324.028503563
2021-01-25 09:15:15+00:00,广东广州南方基地3.1栋203机房,
2021-01-25 09:16:13+00:00,广东广州南方基地3.1栋203机房,1289018.197109067
2021-01-25 09:17:36+00:00,广东广州南方基地3.1栋203机房,1318589.06039783
2021-01-25 09:17:47+00:00,广东广州南方基地3.1栋203机房,
2021-01-25 09:20:08+00:00,广东广州南方基地3.1栋203机房,1330590.5934649196
2021-01-25 09:25:15+00:00,广东广州南方基地3.1栋203机房,
2021-01-25 09:26:13+00:00,广东广州南方基地3.1栋203机房,1301870.4276069016
2021-01-25 09:27:36+00:00,广东广州南方基地3.1栋203机房,1323713.5068153655
2021-01-25 09:27:47+00:00,广东广州南方基地3.1栋203机房,1292083.6615447653
2021-01-25 09:30:08+00:00,广东广州南方基地3.1栋203机房,1322963.4497760716
2021-01-25 09:35:15+00:00,广东广州南方基地3.1栋203机房,
2021-01-25 09:36:13+00:00,广东广州南方基地3.1栋203机房,
2021-01-25 09:37:36+00:00,广东广州南方基地3.1栋203机房,1307425.8624338624
2021-01-25 09:37:47+00:00,广东广州南方基地3.1栋203机房,1299260.8694608381
2021-01-25 09:40:08+00:00,广东广州南方基地3.1栋203机房,1306605.900959927
2021-01-25 09:45:15+00:00,广东广州南方基地3.1栋203机房,
2021-01-25 09:46:13+00:00,广东广州南方基地3.1栋203机房,1291115.825603337
2021-01-25 09:47:36+00:00,广东广州南方基地3.1栋203机房,1311678.917238226
2021-01-25 09:47:47+00:00,广东广州南方基地3.1栋203机房,1284676.3778501628
2021-01-25 09:50:08+00:00,广东广州南方基地3.1栋203机房,1306335.5492957747
2021-01-25 09:55:15+00:00,广东广州南方基地3.1栋203机房,
2021-01-25 09:56:13+00:00,广东广州南方基地3.1栋203机房,1260527.2740471868
2021-01-25 09:57:36+00:00,广东广州南方基地3.1栋203机房,1298414.8157998892
2021-01-25 09:57:47+00:00,广东广州南方基地3.1栋203机房,1257958.9475351898
2021-01-25 10:00:08+00:00,广东广州南方基地3.1栋203机房,1307223.9498461187
2021-01-25 10:05:15+00:00,广东广州南方基地3.1栋203机房,
2021-01-25 10:06:13+00:00,广东广州南方基地3.1栋203机房,1289991.438028687
2021-01-25 10:07:35+00:00,广东广州南方基地3.1栋203机房,1267778.4613000096
2021-01-25 10:07:47+00:00,广东广州南方基地3.1栋203机房,1293978.609198423
2021-01-25 10:10:08+00:00,广东广州南方基地3.1栋203机房,1319557.2833415556
2021-01-25 10:15:15+00:00,广东广州南方基地3.1栋203机房,
2021-01-25 10:16:13+00:00,广东广州南方基地3.1栋203机房,1259153.5386656055
2021-01-25 10:17:35+00:00,广东广州南方基地3.1栋203机房,1320781.0953614316
2021-01-25 10:17:47+00:00,广东广州南方基地3.1栋203机房,1261845.6949152541
2021-01-25 10:20:08+00:00,广东广州南方基地3.1栋203机房,1297434.199784335
2021-01-25 10:25:15+00:00,广东广州南方基地3.1栋203机房,
2021-01-25 10:26:13+00:00,广东广州南方基地3.1栋203机房,1291826.7387387387
2021-01-25 10:27:35+00:00,广东广州南方基地3.1栋203机房,1305228.5600882028
2021-01-25 10:27:47+00:00,广东广州南方基地3.1栋203机房,1241809.517615176
2021-01-25 10:30:08+00:00,广东广州南方基地3.1栋203机房,1303867.396655301
2021-01-25 10:35:15+00:00,广东广州南方基地3.1栋203机房,
2021-01-25 10:36:12+00:00,广东广州南方基地3.1栋203机房,1271206.5367268892
2021-01-25 10:37:35+00:00,广东广州南方基地3.1栋203机房,1320684.0803980099
2021-01-25 10:37:47+00:00,广东广州南方基地3.1栋203机房,1291613.2944606415
2021-01-25 10:40:08+00:00,广东广州南方基地3.1栋203机房,1298469.1951273533
2021-01-25 10:45:15+00:00,广东广州南方基地3.1栋203机房,
2021-01-25 10:46:12+00:00,广东广州南方基地3.1栋203机房,1278969.5633736749
2021-01-25 10:47:35+00:00,广东广州南方基地3.1栋203机房,1304761.370899687
2021-01-25 10:47:47+00:00,广东广州南方基地3.1栋203机房,1288544.1704666524
2021-01-25 10:50:08+00:00,广东广州南方基地3.1栋203机房,1337683.004296184
2021-01-25 10:55:15+00:00,广东广州南方基地3.1栋203机房,
2021-01-25 10:56:12+00:00,广东广州南方基地3.1栋203机房,1276373.4249769868
2021-01-25 10:57:35+00:00,广东广州南方基地3.1栋203机房,1324217.570923776
2021-01-25 10:57:47+00:00,广东广州南方基地3.1栋203机房,1290519.9616891597
2021-01-25 11:00:08+00:00,广东广州南方基地3.1栋203机房,1253930.545090489
2021-01-25 11:05:15+00:00,广东广州南方基地3.1栋203机房,
2021-01-25 11:06:12+00:00,广东广州南方基地3.1栋203机房,1292140.9785093735
2021-01-25 11:07:35+00:00,广东广州南方基地3.1栋203机房,1315099.696999189
2021-01-25 11:07:47+00:00,广东广州南方基地3.1栋203机房,1275806.9164785554
2021-01-25 11:10:08+00:00,广东广州南方基地3.1栋203机房,1316665.16673745
2021-01-25 11:15:15+00:00,广东广州南方基地3.1栋203机房,
2021-01-25 11:16:12+00:00,广东广州南方基地3.1栋203机房,1290801.6349344978
2021-01-25 11:17:35+00:00,广东广州南方基地3.1栋203机房,1312931.711139711
2021-01-25 11:17:47+00:00,广东广州南方基地3.1栋203机房,1285007.6749854905
2021-01-25 11:20:08+00:00,广东广州南方基地3.1栋203机房,1332047.3611282504
2021-01-25 11:25:15+00:00,广东广州南方基地3.1栋203机房,
2021-01-25 11:26:12+00:00,广东广州南方基地3.1栋203机房,1271160.0872727272
2021-01-25 11:27:35+00:00,广东广州南方基地3.1栋203机房,1308051.6335556335
2021-01-25 11:27:47+00:00,广东广州南方基地3.1栋203机房,1289107.454851374
2021-01-25 11:30:08+00:00,广东广州南方基地3.1栋203机房,1303739.122130395
2021-01-25 11:35:15+00:00,广东广州南方基地3.1栋203机房,
2021-01-25 11:36:12+00:00,广东广州南方基地3.1栋203机房,1321899.5169390196
2021-01-25 11:37:35+00:00,广东广州南方基地3.1栋203机房,1297912.8927348116
2021-01-25 11:37:47+00:00,广东广州南方基地3.1栋203机房,1306050.6599430663
2021-01-25 11:40:08+00:00,广东广州南方基地3.1栋203机房,1319133.3117020526
2021-01-25 11:45:15+00:00,广东广州南方基地3.1栋203机房,
2021-01-25 11:46:12+00:00,广东广州南方基地3.1栋203机房,1324496.4830413717
2021-01-25 11:47:35+00:00,广东广州南方基地3.1栋203机房,1329038.2092943983
2021-01-25 11:47:47+00:00,广东广州南方基地3.1栋203机房,1282835.023006012
2021-01-25 11:50:08+00:00,广东广州南方基地3.1栋203机房,1311000.168151051
2021-01-25 11:55:15+00:00,广东广州南方基地3.1栋203机房,
2021-01-25 11:56:12+00:00,广东广州南方基地3.1栋203机房,1288195.3659851423
2021-01-25 11:57:35+00:00,广东广州南方基地3.1栋203机房,1326361.807154201
2021-01-25 11:57:47+00:00,广东广州南方基地3.1栋203机房,1266256.0471976402
2021-01-25 12:00:08+00:00,广东广州南方基地3.1栋203机房,1320067.7705426356
2021-01-25 12:05:15+00:00,广东广州南方基地3.1栋203机房,
2021-01-25 12:06:12+00:00,广东广州南方基地3.1栋203机房,1302439.1068242104
2021-01-25 12:07:35+00:00,广东广州南方基地3.1栋203机房,1344185.7944006054
2021-01-25 12:07:47+00:00,广东广州南方基地3.1栋203机房,1320783.21611877
2021-01-25 12:10:08+00:00,广东广州南方基地3.1栋203机房,1348779.9219699393
2021-01-25 12:15:15+00:00,广东广州南方基地3.1栋203机房,
2021-01-25 12:16:12+00:00,广东广州南方基地3.1栋203机房,1336601.274682307
2021-01-25 12:17:35+00:00,广东广州南方基地3.1栋203机房,1418898.4261036469
2021-01-25 12:17:47+00:00,广东广州南方基地3.1栋203机房,1330275.477092828
2021-01-25 12:20:08+00:00,广东广州南方基地3.1栋203机房,1342138.311551564
2021-01-25 12:25:15+00:00,广东广州南方基地3.1栋203机房,
2021-01-25 12:26:12+00:00,广东广州南方基地3.1栋203机房,1313512.0662721894
2021-01-25 12:27:35+00:00,广东广州南方基地3.1栋203机房,1363085.1341833638
2021-01-25 12:27:47+00:00,广东广州南方基地3.1栋203机房,1289263.138352882
2021-01-25 12:30:08+00:00,广东广州南方基地3.1栋203机房,1339813.2029491656
2021-01-25 12:35:15+00:00,广东广州南方基地3.1栋203机房,
2021-01-25 12:36:12+00:00,广东广州南方基地3.1栋203机房,1290555.076923077
2021-01-25 12:37:35+00:00,广东广州南方基地3.1栋203机房,1344099.2441200325
2021-01-25 12:37:47+00:00,广东广州南方基地3.1栋203机房,1298303.263390881
2021-01-25 12:40:08+00:00,广东广州南方基地3.1栋203机房,1350964.6706090162
2021-01-25 12:45:15+00:00,广东广州南方基地3.1栋203机房,
2021-01-25 12:46:12+00:00,广东广州南方基地3.1栋203机房,1300052.6683982683
2021-01-25 12:47:35+00:00,广东广州南方基地3.1栋203机房,1318685.9778766688
2021-01-25 12:47:47+00:00,广东广州南方基地3.1栋203机房,1246293.9902878124
2021-01-25 12:50:08+00:00,广东广州南方基地3.1栋203机房,1328418.0250528713
2021-01-25 12:55:15+00:00,广东广州南方基地3.1栋203机房,
2021-01-25 12:56:12+00:00,广东广州南方基地3.1栋203机房,1316554.6836248012
2021-01-25 12:57:35+00:00,广东广州南方基地3.1栋203机房,1329421.1364205256
2021-01-25 12:57:47+00:00,广东广州南方基地3.1栋203机房,1284745.6985845128
2021-01-25 13:00:08+00:00,广东广州南方基地3.1栋203机房,1318060.032
2021-01-25 13:05:15+00:00,广东广州南方基地3.1栋203机房,
2021-01-25 13:06:12+00:00,广东广州南方基地3.1栋203机房,1303941.3413599671
2021-01-25 13:07:35+00:00,广东广州南方基地3.1栋203机房,1308010.0344589937
2021-01-25 13:07:47+00:00,广东广州南方基地3.1栋203机房,1296116.4990069044
2021-01-25 13:10:08+00:00,广东广州南方基地3.1栋203机房,1312699.007386963
2021-01-25 13:15:15+00:00,广东广州南方基地3.1栋203机房,
2021-01-25 13:16:12+00:00,广东广州南方基地3.1栋203机房,1305116.279253676
2021-01-25 13:17:35+00:00,广东广州南方基地3.1栋203机房,1325968.9494299912
2021-01-25 13:17:47+00:00,广东广州南方基地3.1栋203机房,1279247.081282625
2021-01-25 13:20:08+00:00,广东广州南方基地3.1栋203机房,1100327.9354491662
2021-01-25 13:25:15+00:00,广东广州南方基地3.1栋203机房,
2021-01-25 13:26:12+00:00,广东广州南方基地3.1栋203机房,1321668.4885736802
2021-01-25 13:27:35+00:00,广东广州南方基地3.1栋203机房,1310239.589492975
2021-01-25 13:27:47+00:00,广东广州南方基地3.1栋203机房,1336005.311799013
2021-01-25 13:30:08+00:00,广东广州南方基地3.1栋203机房,1255428.0840619728
2021-01-25 13:35:15+00:00,广东广州南方基地3.1栋203机房,
2021-01-25 13:36:12+00:00,广东广州南方基地3.1栋203机房,1284680.7518930957
2021-01-25 13:37:35+00:00,广东广州南方基地3.1栋203机房,1303044.698616169
2021-01-25 13:37:47+00:00,广东广州南方基地3.1栋203机房,
2021-01-25 13:40:08+00:00,广东广州南方基地3.1栋203机房,1297504.3466689414
2021-01-25 13:45:15+00:00,广东广州南方基地3.1栋203机房,
2021-01-25 13:46:12+00:00,广东广州南方基地3.1栋203机房,1262112.3772775992
2021-01-25 13:47:35+00:00,广东广州南方基地3.1栋203机房,1309609.612424991
2021-01-25 13:47:47+00:00,广东广州南方基地3.1栋203机房,993336.6340182296
2021-01-25 13:50:08+00:00,广东广州南方基地3.1栋203机房,1286798.8657616894
2021-01-25 13:55:15+00:00,广东广州南方基地3.1栋203机房,
2021-01-25 13:56:12+00:00,广东广州南方基地3.1栋203机房,1178678.5325443787
2021-01-25 13:57:35+00:00,广东广州南方基地3.1栋203机房,1294803.968159825
2021-01-25 13:57:47+00:00,广东广州南方基地3.1栋203机房,1280215.970909091
2021-01-25 14:00:08+00:00,广东广州南方基地3.1栋203机房,1274832.8289924923
2021-01-25 14:05:15+00:00,广东广州南方基地3.1栋203机房,
2021-01-25 14:06:12+00:00,广东广州南方基地3.1栋203机房,1269116.9419795221
2021-01-25 14:07:35+00:00,广东广州南方基地3.1栋203机房,1299786.2987444075
2021-01-25 14:07:47+00:00,广东广州南方基地3.1栋203机房,1248178.0304568529
2021-01-25 14:10:08+00:00,广东广州南方基地3.1栋203机房,1294440.2302332628
2021-01-25 14:15:15+00:00,广东广州南方基地3.1栋203机房,
2021-01-25 14:16:12+00:00,广东广州南方基地3.1栋203机房,1242499.6541166736
2021-01-25 14:17:35+00:00,广东广州南方基地3.1栋203机房,1096708.8322608322
2021-01-25 14:17:47+00:00,广东广州南方基地3.1栋203机房,
2021-01-25 14:20:08+00:00,广东广州南方基地3.1栋203机房,1243883.6527124671
2021-01-25 14:25:15+00:00,广东广州南方基地3.1栋203机房,
2021-01-25 14:26:12+00:00,广东广州南方基地3.1栋203机房,1239490.4842883549
2021-01-25 14:27:35+00:00,广东广州南方基地3.1栋203机房,1273926.2499124957
2021-01-25 14:27:47+00:00,广东广州南方基地3.1栋203机房,1261831.5204040941
2021-01-25 14:30:08+00:00,广东广州南方基地3.1栋203机房,1271380.5184174625
2021-01-25 14:35:15+00:00,广东广州南方基地3.1栋203机房,
2021-01-25 14:36:12+00:00,广东广州南方基地3.1栋203机房,1250174.5824865852
2021-01-25 14:37:35+00:00,广东广州南方基地3.1栋203机房,1244329.0544309493
2021-01-25 14:37:46+00:00,广东广州南方基地3.1栋203机房,1270088.9038281979
2021-01-25 14:40:08+00:00,广东广州南方基地3.1栋203机房,1260879.1748085106
2021-01-25 14:45:15+00:00,广东广州南方基地3.1栋203机房,
2021-01-25 14:46:12+00:00,广东广州南方基地3.1栋203机房,1266644.0102418207
2021-01-25 14:47:35+00:00,广东广州南方基地3.1栋203机房,1300730.829569197
2021-01-25 14:47:46+00:00,广东广州南方基地3.1栋203机房,1279277.87283237
2021-01-25 14:50:07+00:00,广东广州南方基地3.1栋203机房,1278915.2495991448
2021-01-25 14:55:15+00:00,广东广州南方基地3.1栋203机房,
2021-01-25 14:56:12+00:00,广东广州南方基地3.1栋203机房,1286560.303186908
2021-01-25 14:57:35+00:00,广东广州南方基地3.1栋203机房,1293264.6535986832
2021-01-25 14:57:46+00:00,广东广州南方基地3.1栋203机房,1260311.9533429127
2021-01-25 15:00:07+00:00,广东广州南方基地3.1栋203机房,1316688.7327924627
2021-01-25 15:05:15+00:00,广东广州南方基地3.1栋203机房,
2021-01-25 15:06:12+00:00,广东广州南方基地3.1栋203机房,
2021-01-25 15:07:35+00:00,广东广州南方基地3.1栋203机房,1292845.8739997747
2021-01-25 15:07:46+00:00,广东广州南方基地3.1栋203机房,1294320.7021475257
2021-01-25 15:10:07+00:00,广东广州南方基地3.1栋203机房,1288318.3876755778
2021-01-25 15:15:15+00:00,广东广州南方基地3.1栋203机房,
2021-01-25 15:16:12+00:00,广东广州南方基地3.1栋203机房,
2021-01-25 15:17:35+00:00,广东广州南方基地3.1栋203机房,1278153.8810114942
2021-01-25 15:17:46+00:00,广东广州南方基地3.1栋203机房,1285127.3425261998
2021-01-25 15:20:07+00:00,广东广州南方基地3.1栋203机房,1297215.2037017995
2021-01-25 15:25:15+00:00,广东广州南方基地3.1栋203机房,
2021-01-25 15:26:12+00:00,广东广州南方基地3.1栋203机房,1265864.009848174
2021-01-25 15:27:35+00:00,广东广州南方基地3.1栋203机房,1275861.9816293244
2021-01-25 15:27:46+00:00,广东广州南方基地3.1栋203机房,1278107.8566747701
2021-01-25 15:30:07+00:00,广东广州南方基地3.1栋203机房,1280387.9904076739
2021-01-25 15:35:15+00:00,广东广州南方基地3.1栋203机房,
2021-01-25 15:36:12+00:00,广东广州南方基地3.1栋203机房,1276871.2036680963
2021-01-25 15:37:35+00:00,广东广州南方基地3.1栋203机房,1299199.0006296437
2021-01-25 15:37:46+00:00,广东广州南方基地3.1栋203机房,1300686.1355259428
2021-01-25 15:40:07+00:00,广东广州南方基地3.1栋203机房,1310266.0273234558
2021-01-25 15:45:15+00:00,广东广州南方基地3.1栋203机房,
2021-01-25 15:46:12+00:00,广东广州南方基地3.1栋203机房,
2021-01-25 15:47:35+00:00,广东广州南方基地3.1栋203机房,1253655.4963959635
2021-01-25 15:47:46+00:00,广东广州南方基地3.1栋203机房,1279728.9474340328
2021-01-25 15:50:07+00:00,广东广州南方基地3.1栋203机房,1293725.8372413793
2021-01-25 15:55:15+00:00,广东广州南方基地3.1栋203机房,
2021-01-25 15:56:12+00:00,广东广州南方基地3.1栋203机房,1287095.8105115627
2021-01-25 15:57:34+00:00,广东广州南方基地3.1栋203机房,1307596.5821276596
2021-01-25 15:57:46+00:00,广东广州南方基地3.1栋203机房,1272945.7777777778
2021-01-25 16:00:07+00:00,广东广州南方基地3.1栋203机房,1305641.5883567706
2021-01-25 16:05:15+00:00,广东广州南方基地3.1栋203机房,
2021-01-25 16:06:11+00:00,广东广州南方基地3.1栋203机房,1298968.7172413792
2021-01-25 16:07:34+00:00,广东广州南方基地3.1栋203机房,1303469.2085106382
2021-01-25 16:07:46+00:00,广东广州南方基地3.1栋203机房,1286707.394790752
2021-01-25 16:10:07+00:00,广东广州南方基地3.1栋203机房,1304670.3714951514
2021-01-25 16:15:15+00:00,广东广州南方基地3.1栋203机房,
2021-01-25 16:16:11+00:00,广东广州南方基地3.1栋203机房,1264728.3386106624
2021-01-25 16:17:34+00:00,广东广州南方基地3.1栋203机房,1294196.9842424241
2021-01-25 16:17:46+00:00,广东广州南方基地3.1栋203机房,1277713.315296566
2021-01-25 16:20:07+00:00,广东广州南方基地3.1栋203机房,1260484.4366533866
2021-01-25 16:25:15+00:00,广东广州南方基地3.1栋203机房,
2021-01-25 16:26:11+00:00,广东广州南方基地3.1栋203机房,1292636.0336511498
2021-01-25 16:27:34+00:00,广东广州南方基地3.1栋203机房,1292937.6531172395
2021-01-25 16:27:46+00:00,广东广州南方基地3.1栋203机房,1240811.431777199
2021-01-25 16:30:07+00:00,广东广州南方基地3.1栋203机房,1281467.2733153638
2021-01-25 16:35:15+00:00,广东广州南方基地3.1栋203机房,
2021-01-25 16:36:11+00:00,广东广州南方基地3.1栋203机房,1295280.5942501943
2021-01-25 16:37:34+00:00,广东广州南方基地3.1栋203机房,1252393.727900013
2021-01-25 16:37:46+00:00,广东广州南方基地3.1栋203机房,1281477.43601359
2021-01-25 16:40:07+00:00,广东广州南方基地3.1栋203机房,1300865.8550724639
2021-01-25 16:45:15+00:00,广东广州南方基地3.1栋203机房,
2021-01-25 16:46:11+00:00,广东广州南方基地3.1栋203机房,
2021-01-25 16:47:34+00:00,广东广州南方基地3.1栋203机房,1311490.3539672007
2021-01-25 16:47:46+00:00,广东广州南方基地3.1栋203机房,1271384.8734778122
2021-01-25 16:50:07+00:00,广东广州南方基地3.1栋203机房,1302895.6226257565
2021-01-25 16:55:15+00:00,广东广州南方基地3.1栋203机房,
2021-01-25 16:56:11+00:00,广东广州南方基地3.1栋203机房,1261241.4724501758
2021-01-25 16:57:34+00:00,广东广州南方基地3.1栋203机房,1300798.8783337567
2021-01-25 16:57:46+00:00,广东广州南方基地3.1栋203机房,1307042.9154296608
2021-01-25 17:00:07+00:00,广东广州南方基地3.1栋203机房,1304914.1261744967
2021-01-25 17:05:15+00:00,广东广州南方基地3.1栋203机房,
2021-01-25 17:06:11+00:00,广东广州南方基地3.1栋203机房,
2021-01-25 17:07:34+00:00,广东广州南方基地3.1栋203机房,1289420.8
2021-01-25 17:07:46+00:00,广东广州南方基地3.1栋203机房,1276942.3417366946
2021-01-25 17:10:07+00:00,广东广州南方基地3.1栋203机房,1291287.9961740794
2021-01-25 17:15:15+00:00,广东广州南方基地3.1栋203机房,
2021-01-25 17:16:11+00:00,广东广州南方基地3.1栋203机房,1286271.9428826417
2021-01-25 17:17:34+00:00,广东广州南方基地3.1栋203机房,1319412.858031088
2021-01-25 17:17:46+00:00,广东广州南方基地3.1栋203机房,1261285.1420982736
2021-01-25 17:20:07+00:00,广东广州南方基地3.1栋203机房,1324032.0
2021-01-25 17:25:15+00:00,广东广州南方基地3.1栋203机房,
2021-01-25 17:26:11+00:00,广东广州南方基地3.1栋203机房,
2021-01-25 17:27:34+00:00,广东广州南方基地3.1栋203机房,1313822.5698639816
2021-01-25 17:27:46+00:00,广东广州南方基地3.1栋203机房,1250305.2936293087
2021-01-25 17:30:07+00:00,广东广州南方基地3.1栋203机房,1313124.990825688
2021-01-25 17:35:15+00:00,广东广州南方基地3.1栋203机房,
2021-01-25 17:36:11+00:00,广东广州南方基地3.1栋203机房,1279317.038635873
2021-01-25 17:37:34+00:00,广东广州南方基地3.1栋203机房,1332973.6573208722
2021-01-25 17:37:46+00:00,广东广州南方基地3.1栋203机房,1284093.96461936
2021-01-25 17:40:07+00:00,广东广州南方基地3.1栋203机房,1306097.2455913979
2021-01-25 17:45:15+00:00,广东广州南方基地3.1栋203机房,
2021-01-25 17:46:11+00:00,广东广州南方基地3.1栋203机房,1256686.9188270294
2021-01-25 17:47:34+00:00,广东广州南方基地3.1栋203机房,1303642.4917687343
2021-01-25 17:47:46+00:00,广东广州南方基地3.1栋203机房,1257998.9818857408
2021-01-25 17:50:07+00:00,广东广州南方基地3.1栋203机房,1300645.2224278715
2021-01-25 17:55:15+00:00,广东广州南方基地3.1栋203机房,
2021-01-25 17:56:11+00:00,广东广州南方基地3.1栋203机房,1299941.9540069685
2021-01-25 17:57:34+00:00,广东广州南方基地3.1栋203机房,1314705.4346881788
2021-01-25 17:57:46+00:00,广东广州南方基地3.1栋203机房,1280701.656003709
2021-01-25 18:00:07+00:00,广东广州南方基地3.1栋203机房,1310461.8995733508
2021-01-25 18:05:15+00:00,广东广州南方基地3.1栋203机房,
2021-01-25 18:06:11+00:00,广东广州南方基地3.1栋203机房,
2021-01-25 18:07:34+00:00,广东广州南方基地3.1栋203机房,1288885.5620947632
2021-01-25 18:07:46+00:00,广东广州南方基地3.1栋203机房,1169787.0972073858
2021-01-25 18:10:07+00:00,广东广州南方基地3.1栋203机房,1284696.6361133603
2021-01-25 18:15:15+00:00,广东广州南方基地3.1栋203机房,
2021-01-25 18:16:11+00:00,广东广州南方基地3.1栋203机房,1228428.8414239483
2021-01-25 18:17:34+00:00,广东广州南方基地3.1栋203机房,1288495.1438498958
2021-01-25 18:17:46+00:00,广东广州南方基地3.1栋203机房,1249886.2550225502
2021-01-25 18:20:07+00:00,广东广州南方基地3.1栋203机房,1271084.4550898203
2021-01-25 18:25:15+00:00,广东广州南方基地3.1栋203机房,
2021-01-25 18:26:11+00:00,广东广州南方基地3.1栋203机房,1242643.8449612404
2021-01-25 18:27:34+00:00,广东广州南方基地3.1栋203机房,1272118.866364095
2021-01-25 18:27:46+00:00,广东广州南方基地3.1栋203机房,1276144.1409787177
2021-01-25 18:30:07+00:00,广东广州南方基地3.1栋203机房,1282867.8357780364
2021-01-25 18:35:15+00:00,广东广州南方基地3.1栋203机房,
2021-01-25 18:36:11+00:00,广东广州南方基地3.1栋203机房,1279888.0441744893
2021-01-25 18:37:34+00:00,广东广州南方基地3.1栋203机房,1283092.0784313725
2021-01-25 18:37:46+00:00,广东广州南方基地3.1栋203机房,1281720.4994523549
2021-01-25 18:40:07+00:00,广东广州南方基地3.1栋203机房,1278172.1383428713
2021-01-25 18:45:15+00:00,广东广州南方基地3.1栋203机房,
2021-01-25 18:46:11+00:00,广东广州南方基地3.1栋203机房,1197463.6116504855
2021-01-25 18:47:34+00:00,广东广州南方基地3.1栋203机房,1270217.2996027598
2021-01-25 18:47:46+00:00,广东广州南方基地3.1栋203机房,1271466.0791738383
2021-01-25 18:50:07+00:00,广东广州南方基地3.1栋203机房,1258059.7262693157
2021-01-25 18:55:15+00:00,广东广州南方基地3.1栋203机房,
2021-01-25 18:56:11+00:00,广东广州南方基地3.1栋203机房,1223496.2524797115
2021-01-25 18:57:34+00:00,广东广州南方基地3.1栋203机房,1264983.8119625454
2021-01-25 18:57:46+00:00,广东广州南方基地3.1栋203机房,1263377.1242782269
2021-01-25 19:00:07+00:00,广东广州南方基地3.1栋203机房,1287179.970244421
2021-01-25 19:05:15+00:00,广东广州南方基地3.1栋203机房,
2021-01-25 19:06:11+00:00,广东广州南方基地3.1栋203机房,1271652.306155833
2021-01-25 19:07:34+00:00,广东广州南方基地3.1栋203机房,1302155.6363636365
2021-01-25 19:07:46+00:00,广东广州南方基地3.1栋203机房,1276527.3043478262
2021-01-25 19:10:07+00:00,广东广州南方基地3.1栋203机房,1291066.3208982253
2021-01-25 19:15:15+00:00,广东广州南方基地3.1栋203机房,
2021-01-25 19:16:11+00:00,广东广州南方基地3.1栋203机房,1254825.302628014
2021-01-25 19:17:34+00:00,广东广州南方基地3.1栋203机房,1270442.1489458517
2021-01-25 19:17:46+00:00,广东广州南方基地3.1栋203机房,
2021-01-25 19:20:07+00:00,广东广州南方基地3.1栋203机房,1289930.1603042681
2021-01-25 19:25:15+00:00,广东广州南方基地3.1栋203机房,
2021-01-25 19:26:11+00:00,广东广州南方基地3.1栋203机房,1242713.5126150192
2021-01-25 19:27:34+00:00,广东广州南方基地3.1栋203机房,1298264.2228290553
2021-01-25 19:27:46+00:00,广东广州南方基地3.1栋203机房,1231310.5254142617
2021-01-25 19:30:07+00:00,广东广州南方基地3.1栋203机房,1283437.016478751
2021-01-25 19:35:15+00:00,广东广州南方基地3.1栋203机房,
2021-01-25 19:36:11+00:00,广东广州南方基地3.1栋203机房,1293231.3956936111
2021-01-25 19:37:34+00:00,广东广州南方基地3.1栋203机房,1311841.5059283706
2021-01-25 19:37:46+00:00,广东广州南方基地3.1栋203机房,1290717.8942268873
2021-01-25 19:40:07+00:00,广东广州南方基地3.1栋203机房,1281422.258672769
2021-01-25 19:45:15+00:00,广东广州南方基地3.1栋203机房,
2021-01-25 19:46:11+00:00,广东广州南方基地3.1栋203机房,1253906.9101045297
2021-01-25 19:47:34+00:00,广东广州南方基地3.1栋203机房,1309199.6951118475
2021-01-25 19:47:46+00:00,广东广州南方基地3.1栋203机房,1275571.970379707
2021-01-25 19:50:07+00:00,广东广州南方基地3.1栋203机房,1252254.237950614
2021-01-25 19:55:15+00:00,广东广州南方基地3.1栋203机房,
2021-01-25 19:56:11+00:00,广东广州南方基地3.1栋203机房,1241320.1995464852
2021-01-25 19:57:34+00:00,广东广州南方基地3.1栋203机房,1279593.1660101295
2021-01-25 19:57:46+00:00,广东广州南方基地3.1栋203机房,1316168.7205542724
2021-01-25 20:00:07+00:00,广东广州南方基地3.1栋203机房,1325038.7899159663
2021-01-25 20:05:15+00:00,广东广州南方基地3.1栋203机房,
2021-01-25 20:06:11+00:00,广东广州南方基地3.1栋203机房,1317845.5164520743
2021-01-25 20:07:34+00:00,广东广州南方基地3.1栋203机房,1370730.3649150534
2021-01-25 20:07:45+00:00,广东广州南方基地3.1栋203机房,1330787.710414762
2021-01-25 20:10:07+00:00,广东广州南方基地3.1栋203机房,1351047.0388417095
2021-01-25 20:15:15+00:00,广东广州南方基地3.1栋203机房,
2021-01-25 20:16:11+00:00,广东广州南方基地3.1栋203机房,1285751.2992416336
2021-01-25 20:17:34+00:00,广东广州南方基地3.1栋203机房,1329621.403687603
2021-01-25 20:17:45+00:00,广东广州南方基地3.1栋203机房,1274195.112407449
2021-01-25 20:20:07+00:00,广东广州南方基地3.1栋203机房,1325318.8184019371
2021-01-25 20:25:15+00:00,广东广州南方基地3.1栋203机房,
2021-01-25 20:26:11+00:00,广东广州南方基地3.1栋203机房,1304446.7216883362
2021-01-25 20:27:34+00:00,广东广州南方基地3.1栋203机房,1324013.6192251104
2021-01-25 20:27:45+00:00,广东广州南方基地3.1栋203机房,1284221.2228796845
2021-01-25 20:30:06+00:00,广东广州南方基地3.1栋203机房,1305764.9402188659
2021-01-25 20:35:15+00:00,广东广州南方基地3.1栋203机房,
2021-01-25 20:36:11+00:00,广东广州南方基地3.1栋203机房,1307241.611580217
2021-01-25 20:37:34+00:00,广东广州南方基地3.1栋203机房,1347135.3045521292
2021-01-25 20:37:45+00:00,广东广州南方基地3.1栋203机房,1286633.5905283708
2021-01-25 20:40:06+00:00,广东广州南方基地3.1栋203机房,1360450.2895386822
2021-01-25 20:45:16+00:00,广东广州南方基地3.1栋203机房,
2021-01-25 20:46:11+00:00,广东广州南方基地3.1栋203机房,1329634.3852116875
2021-01-25 20:47:34+00:00,广东广州南方基地3.1栋203机房,1338270.5421741093
2021-01-25 20:47:45+00:00,广东广州南方基地3.1栋203机房,1353097.2206466252
2021-01-25 20:50:06+00:00,广东广州南方基地3.1栋203机房,1365300.1821051354
2021-01-25 20:55:16+00:00,广东广州南方基地3.1栋203机房,
2021-01-25 20:56:11+00:00,广东广州南方基地3.1栋203机房,1285361.7468118195
2021-01-25 20:57:34+00:00,广东广州南方基地3.1栋203机房,1346871.634841849
2021-01-25 20:57:45+00:00,广东广州南方基地3.1栋203机房,1324197.290680594
2021-01-25 21:00:06+00:00,广东广州南方基地3.1栋203机房,1361360.6217500698
2021-01-25 21:05:16+00:00,广东广州南方基地3.1栋203机房,
2021-01-25 21:06:11+00:00,广东广州南方基地3.1栋203机房,
2021-01-25 21:07:34+00:00,广东广州南方基地3.1栋203机房,1372530.2253359365
2021-01-25 21:07:45+00:00,广东广州南方基地3.1栋203机房,1325768.7585853408
2021-01-25 21:10:06+00:00,广东广州南方基地3.1栋203机房,1349796.9322666666
2021-01-25 21:15:16+00:00,广东广州南方基地3.1栋203机房,
2021-01-25 21:16:11+00:00,广东广州南方基地3.1栋203机房,1322045.8390415104
2021-01-25 21:17:34+00:00,广东广州南方基地3.1栋203机房,1353348.9462194247
2021-01-25 21:17:45+00:00,广东广州南方基地3.1栋203机房,1315006.491399448
2021-01-25 21:20:06+00:00,广东广州南方基地3.1栋203机房,1351722.9076717675
2021-01-25 21:25:16+00:00,广东广州南方基地3.1栋203机房,
2021-01-25 21:26:11+00:00,广东广州南方基地3.1栋203机房,1302197.2160231196
2021-01-25 21:27:34+00:00,广东广州南方基地3.1栋203机房,1355269.6536493402
2021-01-25 21:27:45+00:00,广东广州南方基地3.1栋203机房,1316008.2074927953
2021-01-25 21:30:06+00:00,广东广州南方基地3.1栋203机房,1350668.9718576956
2021-01-25 21:35:16+00:00,广东广州南方基地3.1栋203机房,
2021-01-25 21:36:10+00:00,广东广州南方基地3.1栋203机房,1401435.1973408484
2021-01-25 21:37:34+00:00,广东广州南方基地3.1栋203机房,1378977.5065355697
2021-01-25 21:37:45+00:00,广东广州南方基地3.1栋203机房,1343922.7102360006
2021-01-25 21:40:06+00:00,广东广州南方基地3.1栋203机房,1377993.0602174178
2021-01-25 21:45:16+00:00,广东广州南方基地3.1栋203机房,
2021-01-25 21:46:10+00:00,广东广州南方基地3.1栋203机房,1335683.6642648492
2021-01-25 21:47:33+00:00,广东广州南方基地3.1栋203机房,1304225.722725107
2021-01-25 21:47:45+00:00,广东广州南方基地3.1栋203机房,1309103.5307565047
2021-01-25 21:50:06+00:00,广东广州南方基地3.1栋203机房,1366175.5318307632
2021-01-25 21:55:16+00:00,广东广州南方基地3.1栋203机房,
2021-01-25 21:56:10+00:00,广东广州南方基地3.1栋203机房,1333975.5077387693
2021-01-25 21:57:33+00:00,广东广州南方基地3.1栋203机房,1338284.2166305615
2021-01-25 21:57:45+00:00,广东广州南方基地3.1栋203机房,1165341.0218307162
2021-01-25 22:00:06+00:00,广东广州南方基地3.1栋203机房,1309872.890776475
2021-01-25 22:05:16+00:00,广东广州南方基地3.1栋203机房,
2021-01-25 22:06:10+00:00,广东广州南方基地3.1栋203机房,1310381.033972023
2021-01-25 22:07:33+00:00,广东广州南方基地3.1栋203机房,1329762.9180834622
2021-01-25 22:07:45+00:00,广东广州南方基地3.1栋203机房,1299188.7390029326
2021-01-25 22:10:06+00:00,广东广州南方基地3.1栋203机房,1204649.3452359263
2021-01-25 22:15:16+00:00,广东广州南方基地3.1栋203机房,
2021-01-25 22:16:10+00:00,广东广州南方基地3.1栋203机房,1345255.547050949
2021-01-25 22:17:33+00:00,广东广州南方基地3.1栋203机房,1328367.3929008567
2021-01-25 22:17:45+00:00,广东广州南方基地3.1栋203机房,1350427.382627423
2021-01-25 22:20:06+00:00,广东广州南方基地3.1栋203机房,1345306.7879890809
2021-01-25 22:25:16+00:00,广东广州南方基地3.1栋203机房,
2021-01-25 22:26:10+00:00,广东广州南方基地3.1栋203机房,1357035.745389649
2021-01-25 22:27:33+00:00,广东广州南方基地3.1栋203机房,1318135.18276418
2021-01-25 22:27:45+00:00,广东广州南方基地3.1栋203机房,1346289.0825291357
2021-01-25 22:30:06+00:00,广东广州南方基地3.1栋203机房,1347675.9213239753
2021-01-25 22:35:16+00:00,广东广州南方基地3.1栋203机房,
2021-01-25 22:36:10+00:00,广东广州南方基地3.1栋203机房,1351853.7065309584
2021-01-25 22:37:33+00:00,广东广州南方基地3.1栋203机房,1351485.7684797768
2021-01-25 22:37:45+00:00,广东广州南方基地3.1栋203机房,1350332.7297002063
2021-01-25 22:40:06+00:00,广东广州南方基地3.1栋203机房,1140493.0927351126
2021-01-25 22:45:16+00:00,广东广州南方基地3.1栋203机房,
2021-01-25 22:46:10+00:00,广东广州南方基地3.1栋203机房,1349186.0386422977
2021-01-25 22:47:33+00:00,广东广州南方基地3.1栋203机房,1357199.4326241135
2021-01-25 22:47:45+00:00,广东广州南方基地3.1栋203机房,1342133.1913104416
2021-01-25 22:50:06+00:00,广东广州南方基地3.1栋203机房,1315711.6419095749
2021-01-25 22:55:16+00:00,广东广州南方基地3.1栋203机房,
2021-01-25 22:56:10+00:00,广东广州南方基地3.1栋203机房,1290582.0173680694
2021-01-25 22:57:33+00:00,广东广州南方基地3.1栋203机房,1337593.446447021
2021-01-25 22:57:45+00:00,广东广州南方基地3.1栋203机房,1308121.6826407202
2021-01-25 23:00:06+00:00,广东广州南方基地3.1栋203机房,1310495.6576807874
2021-01-25 23:05:16+00:00,广东广州南方基地3.1栋203机房,
2021-01-25 23:06:10+00:00,广东广州南方基地3.1栋203机房,1336600.824923212
2021-01-25 23:07:33+00:00,广东广州南方基地3.1栋203机房,1335496.3832682008
2021-01-25 23:07:45+00:00,广东广州南方基地3.1栋203机房,1303135.9597484276
2021-01-25 23:10:06+00:00,广东广州南方基地3.1栋203机房,1337938.2676667983
2021-01-25 23:15:16+00:00,广东广州南方基地3.1栋203机房,
2021-01-25 23:16:10+00:00,广东广州南方基地3.1栋203机房,
2021-01-25 23:17:33+00:00,广东广州南方基地3.1栋203机房,1318286.3530012772
2021-01-25 23:17:45+00:00,广东广州南方基地3.1栋203机房,1292810.0392156863
2021-01-25 23:20:06+00:00,广东广州南方基地3.1栋203机房,1296314.5876933201
2021-01-25 23:25:16+00:00,广东广州南方基地3.1栋203机房,
2021-01-25 23:26:10+00:00,广东广州南方基地3.1栋203机房,1288589.9966005667
2021-01-25 23:27:33+00:00,广东广州南方基地3.1栋203机房,1308290.4911955514
2021-01-25 23:27:45+00:00,广东广州南方基地3.1栋203机房,1287628.6151624548
2021-01-25 23:30:06+00:00,广东广州南方基地3.1栋203机房,1306268.4459445206
2021-01-25 23:35:16+00:00,广东广州南方基地3.1栋203机房,
2021-01-25 23:36:10+00:00,广东广州南方基地3.1栋203机房,1290237.8029679956
2021-01-25 23:37:33+00:00,广东广州南方基地3.1栋203机房,1356597.9852103698
2021-01-25 23:37:45+00:00,广东广州南方基地3.1栋203机房,1338649.3607476635
2021-01-25 23:40:06+00:00,广东广州南方基地3.1栋203机房,1341124.8059479555
2021-01-25 23:45:16+00:00,广东广州南方基地3.1栋203机房,
2021-01-25 23:46:10+00:00,广东广州南方基地3.1栋203机房,1299086.862006079
2021-01-25 23:47:33+00:00,广东广州南方基地3.1栋203机房,1353359.8784810128
2021-01-25 23:47:45+00:00,广东广州南方基地3.1栋203机房,1342251.0534433771
2021-01-25 23:50:06+00:00,广东广州南方基地3.1栋203机房,1352678.0320565882
2021-01-25 23:55:16+00:00,广东广州南方基地3.1栋203机房,
2021-01-25 23:56:10+00:00,广东广州南方基地3.1栋203机房,1323105.6506285218
2021-01-25 23:57:33+00:00,广东广州南方基地3.1栋203机房,1335553.188097188
2021-01-25 23:57:45+00:00,广东广州南方基地3.1栋203机房,1334100.6341002206
2021-01-26 00:00:06+00:00,广东广州南方基地3.1栋203机房,1343243.5586965056
2021-01-26 00:05:16+00:00,广东广州南方基地3.1栋203机房,
2021-01-26 00:06:10+00:00,广东广州南方基地3.1栋203机房,1307164.9811320754
2021-01-26 00:07:33+00:00,广东广州南方基地3.1栋203机房,1364416.3285312138
2021-01-26 00:07:45+00:00,广东广州南方基地3.1栋203机房,1303926.2770330652
2021-01-26 00:10:06+00:00,广东广州南方基地3.1栋203机房,1370125.6599967463
2021-01-26 00:15:16+00:00,广东广州南方基地3.1栋203机房,
2021-01-26 00:16:10+00:00,广东广州南方基地3.1栋203机房,1344480.5369361516
2021-01-26 00:17:33+00:00,广东广州南方基地3.1栋203机房,1340639.8595258999
2021-01-26 00:17:45+00:00,广东广州南方基地3.1栋203机房,1325156.915942029
2021-01-26 00:20:06+00:00,广东广州南方基地3.1栋203机房,1315994.4364574377
2021-01-26 00:25:16+00:00,广东广州南方基地3.1栋203机房,
2021-01-26 00:26:10+00:00,广东广州南方基地3.1栋203机房,1269053.1516802907
2021-01-26 00:27:33+00:00,广东广州南方基地3.1栋203机房,1329204.2173377878
2021-01-26 00:27:45+00:00,广东广州南方基地3.1栋203机房,1308610.698422916
2021-01-26 00:30:06+00:00,广东广州南方基地3.1栋203机房,1321830.341351661
2021-01-26 00:35:16+00:00,广东广州南方基地3.1栋203机房,
2021-01-26 00:36:10+00:00,广东广州南方基地3.1栋203机房,1222593.2656068243
2021-01-26 00:37:33+00:00,广东广州南方基地3.1栋203机房,1287694.0662969174
2021-01-26 00:37:45+00:00,广东广州南方基地3.1栋203机房,1301550.8376681614
2021-01-26 00:40:06+00:00,广东广州南方基地3.1栋203机房,1300882.366445916
2021-01-26 00:45:16+00:00,广东广州南方基地3.1栋203机房,
2021-01-26 00:46:10+00:00,广东广州南方基地3.1栋203机房,1248432.3352069494
2021-01-26 00:47:33+00:00,广东广州南方基地3.1栋203机房,1291100.3980547977
2021-01-26 00:47:45+00:00,广东广州南方基地3.1栋203机房,
2021-01-26 00:50:06+00:00,广东广州南方基地3.1栋203机房,1274505.244789142
2021-01-26 00:55:16+00:00,广东广州南方基地3.1栋203机房,
2021-01-26 00:56:10+00:00,广东广州南方基地3.1栋203机房,1244076.7948511664
2021-01-26 00:57:33+00:00,广东广州南方基地3.1栋203机房,1287566.6317822651
2021-01-26 00:57:45+00:00,广东广州南方基地3.1栋203机房,1227765.8875053672
2021-01-26 01:00:06+00:00,广东广州南方基地3.1栋203机房,1264238.9066547565
2021-01-26 01:05:16+00:00,广东广州南方基地3.1栋203机房,
2021-01-26 01:06:10+00:00,广东广州南方基地3.1栋203机房,1249469.8974516427
2021-01-26 01:07:33+00:00,广东广州南方基地3.1栋203机房,1262959.4309218486
2021-01-26 01:07:45+00:00,广东广州南方基地3.1栋203机房,1249203.5413333334
2021-01-26 01:10:06+00:00,广东广州南方基地3.1栋203机房,1242613.1344051447
2021-01-26 01:15:16+00:00,广东广州南方基地3.1栋203机房,
2021-01-26 01:16:10+00:00,广东广州南方基地3.1栋203机房,1234923.1318067273
2021-01-26 01:17:33+00:00,广东广州南方基地3.1栋203机房,1230724.6429284525
2021-01-26 01:17:45+00:00,广东广州南方基地3.1栋203机房,1215009.4561138668
2021-01-26 01:20:06+00:00,广东广州南方基地3.1栋203机房,1237101.2977546372
2021-01-26 01:25:16+00:00,广东广州南方基地3.1栋203机房,
2021-01-26 01:26:10+00:00,广东广州南方基地3.1栋203机房,1210475.272851763
2021-01-26 01:27:33+00:00,广东广州南方基地3.1栋203机房,1207675.8481168333
2021-01-26 01:27:45+00:00,广东广州南方基地3.1栋203机房,1193886.278172589
2021-01-26 01:30:06+00:00,广东广州南方基地3.1栋203机房,1204820.7682119205
2021-01-26 01:35:16+00:00,广东广州南方基地3.1栋203机房,
2021-01-26 01:36:10+00:00,广东广州南方基地3.1栋203机房,1196494.2445141065
2021-01-26 01:37:33+00:00,广东广州南方基地3.1栋203机房,1193591.829787234
2021-01-26 01:37:45+00:00,广东广州南方基地3.1栋203机房,1172716.8050513023
2021-01-26 01:40:06+00:00,广东广州南方基地3.1栋203机房,1152263.5151931331
2021-01-26 01:45:16+00:00,广东广州南方基地3.1栋203机房,
2021-01-26 01:46:10+00:00,广东广州南方基地3.1栋203机房,1164331.281949279
2021-01-26 01:47:33+00:00,广东广州南方基地3.1栋203机房,1175689.1785494145
2021-01-26 01:47:44+00:00,广东广州南方基地3.1栋203机房,1146769.498313878
2021-01-26 01:50:06+00:00,广东广州南方基地3.1栋203机房,1158562.7917297024
2021-01-26 01:55:16+00:00,广东广州南方基地3.1栋203机房,
2021-01-26 01:56:10+00:00,广东广州南方基地3.1栋203机房,1172826.7990392314
2021-01-26 01:57:33+00:00,广东广州南方基地3.1栋203机房,1141242.2877275397
2021-01-26 01:57:44+00:00,广东广州南方基地3.1栋203机房,1168876.4198535394
2021-01-26 02:00:06+00:00,广东广州南方基地3.1栋203机房,1147074.1638201464
2021-01-26 02:05:16+00:00,广东广州南方基地3.1栋203机房,
2021-01-26 02:06:10+00:00,广东广州南方基地3.1栋203机房,1166518.1623488774
2021-01-26 02:07:33+00:00,广东广州南方基地3.1栋203机房,1159390.141050375
2021-01-26 02:07:44+00:00,广东广州南方基地3.1栋203机房,1126814.5180102915
2021-01-26 02:10:06+00:00,广东广州南方基地3.1栋203机房,1162120.9302325582
2021-01-26 02:15:16+00:00,广东广州南方基地3.1栋203机房,
2021-01-26 02:16:10+00:00,广东广州南方基地3.1栋203机房,1135323.2162554427
2021-01-26 02:17:33+00:00,广东广州南方基地3.1栋203机房,1157421.2485051423
2021-01-26 02:17:44+00:00,广东广州南方基地3.1栋203机房,1116555.7152542372
2021-01-26 02:20:05+00:00,广东广州南方基地3.1栋203机房,1133002.4090177133
2021-01-26 02:25:16+00:00,广东广州南方基地3.1栋203机房,
2021-01-26 02:26:10+00:00,广东广州南方基地3.1栋203机房,1120423.3312926772
2021-01-26 02:27:33+00:00,广东广州南方基地3.1栋203机房,1103252.6164542295
2021-01-26 02:27:44+00:00,广东广州南方基地3.1栋203机房,1092027.9198542805
2021-01-26 02:30:05+00:00,广东广州南方基地3.1栋203机房,1119926.3139301485
2021-01-26 02:35:16+00:00,广东广州南方基地3.1栋203机房,
2021-01-26 02:36:10+00:00,广东广州南方基地3.1栋203机房,1096935.5230596175
2021-01-26 02:37:33+00:00,广东广州南方基地3.1栋203机房,1113764.7587424938
2021-01-26 02:37:44+00:00,广东广州南方基地3.1栋203机房,
2021-01-26 02:40:05+00:00,广东广州南方基地3.1栋203机房,1083082.530557421
2021-01-26 02:45:16+00:00,广东广州南方基地3.1栋203机房,
2021-01-26 02:46:10+00:00,广东广州南方基地3.1栋203机房,1062168.651851852
2021-01-26 02:47:33+00:00,广东广州南方基地3.1栋203机房,1087349.7106109324
2021-01-26 02:47:44+00:00,广东广州南方基地3.1栋203机房,1085101.8321646687
2021-01-26 02:50:05+00:00,广东广州南方基地3.1栋203机房,1081663.7918022121
2021-01-26 02:55:16+00:00,广东广州南方基地3.1栋203机房,
2021-01-26 02:56:10+00:00,广东广州南方基地3.1栋203机房,
2021-01-26 02:57:33+00:00,广东广州南方基地3.1栋203机房,1079604.1061946903
2021-01-26 02:57:44+00:00,广东广州南方基地3.1栋203机房,1055266.3008588958
2021-01-26 03:00:05+00:00,广东广州南方基地3.1栋203机房,1077397.7262680647
2021-01-26 03:05:16+00:00,广东广州南方基地3.1栋203机房,
2021-01-26 03:06:09+00:00,广东广州南方基地3.1栋203机房,1073274.7922912205
2021-01-26 03:07:33+00:00,广东广州南方基地3.1栋203机房,1068090.4416873448
2021-01-26 03:07:44+00:00,广东广州南方基地3.1栋203机房,1049632.4997481108
2021-01-26 03:10:05+00:00,广东广州南方基地3.1栋203机房,1061797.3125187631
2021-01-26 03:15:16+00:00,广东广州南方基地3.1栋203机房,
2021-01-26 03:16:09+00:00,广东广州南方基地3.1栋203机房,1066199.12605042
2021-01-26 03:17:33+00:00,广东广州南方基地3.1栋203机房,1045598.9703470032
2021-01-26 03:17:44+00:00,广东广州南方基地3.1栋203机房,983937.7534246575
2021-01-26 03:20:05+00:00,广东广州南方基地3.1栋203机房,1029184.6673224474
2021-01-26 03:25:16+00:00,广东广州南方基地3.1栋203机房,
2021-01-26 03:26:09+00:00,广东广州南方基地3.1栋203机房,1035928.701754386
2021-01-26 03:27:32+00:00,广东广州南方基地3.1栋203机房,1050327.797613365
2021-01-26 03:27:44+00:00,广东广州南方基地3.1栋203机房,
2021-01-26 03:30:05+00:00,广东广州南方基地3.1栋203机房,1044487.9844054581
2021-01-26 03:35:16+00:00,广东广州南方基地3.1栋203机房,
2021-01-26 03:36:09+00:00,广东广州南方基地3.1栋203机房,1057741.441058351
2021-01-26 03:37:32+00:00,广东广州南方基地3.1栋203机房,1028491.7827329903
2021-01-26 03:37:44+00:00,广东广州南方基地3.1栋203机房,1041102.1867426942
2021-01-26 03:40:05+00:00,广东广州南方基地3.1栋203机房,1036155.7927154279
2021-01-26 03:45:16+00:00,广东广州南方基地3.1栋203机房,
2021-01-26 03:46:09+00:00,广东广州南方基地3.1栋203机房,1063614.2477183833
2021-01-26 03:47:32+00:00,广东广州南方基地3.1栋203机房,1053148.6944671574
2021-01-26 03:47:44+00:00,广东广州南方基地3.1栋203机房,1044675.5313081215
2021-01-26 03:50:05+00:00,广东广州南方基地3.1栋203机房,1057532.0642295866
2021-01-26 03:55:16+00:00,广东广州南方基地3.1栋203机房,
2021-01-26 03:56:09+00:00,广东广州南方基地3.1栋203机房,1085114.151216305
2021-01-26 03:57:32+00:00,广东广州南方基地3.1栋203机房,1076432.5614955723
2021-01-26 03:57:44+00:00,广东广州南方基地3.1栋203机房,1041858.66495836
2021-01-26 04:00:05+00:00,广东广州南方基地3.1栋203机房,1048845.9732234809
2021-01-26 04:05:16+00:00,广东广州南方基地3.1栋203机房,
2021-01-26 04:06:09+00:00,广东广州南方基地3.1栋203机房,1051542.26874116
2021-01-26 04:07:32+00:00,广东广州南方基地3.1栋203机房,1058338.4511214558
2021-01-26 04:07:44+00:00,广东广州南方基地3.1栋203机房,1041180.3397730758
2021-01-26 04:10:05+00:00,广东广州南方基地3.1栋203机房,1052035.5051138238
2021-01-26 04:15:16+00:00,广东广州南方基地3.1栋203机房,
2021-01-26 04:16:09+00:00,广东广州南方基地3.1栋203机房,977927.2624113475
2021-01-26 04:17:32+00:00,广东广州南方基地3.1栋203机房,1033514.9316770186
2021-01-26 04:17:44+00:00,广东广州南方基地3.1栋203机房,996035.0699663917
2021-01-26 04:20:05+00:00,广东广州南方基地3.1栋203机房,1017462.2674634247
2021-01-26 04:25:16+00:00,广东广州南方基地3.1栋203机房,
2021-01-26 04:26:09+00:00,广东广州南方基地3.1栋203机房,
2021-01-26 04:27:32+00:00,广东广州南方基地3.1栋203机房,1027237.4570614571
2021-01-26 04:27:44+00:00,广东广州南方基地3.1栋203机房,1005725.5384615385
2021-01-26 04:30:05+00:00,广东广州南方基地3.1栋203机房,1008041.5327373762
2021-01-26 04:35:16+00:00,广东广州南方基地3.1栋203机房,
2021-01-26 04:36:09+00:00,广东广州南方基地3.1栋203机房,1014192.344662518
2021-01-26 04:37:32+00:00,广东广州南方基地3.1栋203机房,1033455.468338558
2021-01-26 04:37:44+00:00,广东广州南方基地3.1栋203机房,1047283.0579531443
2021-01-26 04:40:05+00:00,广东广州南方基地3.1栋203机房,1008567.5460033808
2021-01-26 04:45:16+00:00,广东广州南方基地3.1栋203机房,
2021-01-26 04:46:09+00:00,广东广州南方基地3.1栋203机房,1025245.5080346107
2021-01-26 04:47:32+00:00,广东广州南方基地3.1栋203机房,1034663.6894348895
2021-01-26 04:47:44+00:00,广东广州南方基地3.1栋203机房,
2021-01-26 04:50:05+00:00,广东广州南方基地3.1栋203机房,1033631.9239904988
2021-01-26 04:55:16+00:00,广东广州南方基地3.1栋203机房,
2021-01-26 04:56:09+00:00,广东广州南方基地3.1栋203机房,1004911.3242117787
2021-01-26 04:57:32+00:00,广东广州南方基地3.1栋203机房,1059642.7651715039
2021-01-26 04:57:44+00:00,广东广州南方基地3.1栋203机房,1022533.5782567947
2021-01-26 05:00:05+00:00,广东广州南方基地3.1栋203机房,1033484.9565843128
2021-01-26 05:05:16+00:00,广东广州南方基地3.1栋203机房,
2021-01-26 05:06:09+00:00,广东广州南方基地3.1栋203机房,1015220.6412522091
2021-01-26 05:07:32+00:00,广东广州南方基地3.1栋203机房,1040629.2322849564
2021-01-26 05:07:44+00:00,广东广州南方基地3.1栋203机房,1026500.7157894737
2021-01-26 05:10:05+00:00,广东广州南方基地3.1栋203机房,1035902.7220178666
2021-01-26 05:15:16+00:00,广东广州南方基地3.1栋203机房,
2021-01-26 05:16:09+00:00,广东广州南方基地3.1栋203机房,1009995.0170827858
2021-01-26 05:17:32+00:00,广东广州南方基地3.1栋203机房,1036613.6356506239
2021-01-26 05:17:44+00:00,广东广州南方基地3.1栋203机房,1030236.236117184
2021-01-26 05:20:05+00:00,广东广州南方基地3.1栋203机房,1023820.4114671163
2021-01-26 05:25:16+00:00,广东广州南方基地3.1栋203机房,
2021-01-26 05:26:09+00:00,广东广州南方基地3.1栋203机房,997892.9495166488
2021-01-26 05:27:32+00:00,广东广州南方基地3.1栋203机房,995470.3634558093
2021-01-26 05:27:44+00:00,广东广州南方基地3.1栋203机房,975568.7957153787
2021-01-26 05:30:05+00:00,广东广州南方基地3.1栋203机房,1012783.8988621997
2021-01-26 05:35:16+00:00,广东广州南方基地3.1栋203机房,
2021-01-26 05:36:09+00:00,广东广州南方基地3.1栋203机房,986506.6397984887
2021-01-26 05:37:32+00:00,广东广州南方基地3.1栋203机房,1022622.8171006107
2021-01-26 05:37:44+00:00,广东广州南方基地3.1栋203机房,993351.3054208902
2021-01-26 05:40:05+00:00,广东广州南方基地3.1栋203机房,1035340.1178120617
2021-01-26 05:45:16+00:00,广东广州南方基地3.1栋203机房,
2021-01-26 05:46:09+00:00,广东广州南方基地3.1栋203机房,1017611.743119266
2021-01-26 05:47:32+00:00,广东广州南方基地3.1栋203机房,1054299.6681222708
2021-01-26 05:47:44+00:00,广东广州南方基地3.1栋203机房,988202.61083486
2021-01-26 05:50:05+00:00,广东广州南方基地3.1栋203机房,1076010.710159701
2021-01-26 05:55:16+00:00,广东广州南方基地3.1栋203机房,
2021-01-26 05:56:09+00:00,广东广州南方基地3.1栋203机房,1021398.0169651272
2021-01-26 05:57:32+00:00,广东广州南方基地3.1栋203机房,1111025.0308608555
2021-01-26 05:57:44+00:00,广东广州南方基地3.1栋203机房,1040820.8641494745
2021-01-26 06:00:05+00:00,广东广州南方基地3.1栋203机房,1076643.5799588196
2021-01-26 06:05:16+00:00,广东广州南方基地3.1栋203机房,
2021-01-26 06:06:09+00:00,广东广州南方基地3.1栋203机房,1075790.2270367863
2021-01-26 06:07:32+00:00,广东广州南方基地3.1栋203机房,1065040.3925417075
2021-01-26 06:07:44+00:00,广东广州南方基地3.1栋203机房,1078105.5047821465
2021-01-26 06:10:05+00:00,广东广州南方基地3.1栋203机房,1101925.5537190083
2021-01-26 06:15:16+00:00,广东广州南方基地3.1栋203机房,
2021-01-26 06:16:09+00:00,广东广州南方基地3.1栋203机房,1069774.493771697
2021-01-26 06:17:32+00:00,广东广州南方基地3.1栋203机房,1094273.6584216726
2021-01-26 06:17:44+00:00,广东广州南方基地3.1栋203机房,1064335.5963499732
2021-01-26 06:20:05+00:00,广东广州南方基地3.1栋203机房,1097280.7817825365
2021-01-26 06:25:16+00:00,广东广州南方基地3.1栋203机房,
2021-01-26 06:26:09+00:00,广东广州南方基地3.1栋203机房,1079294.3784639747
2021-01-26 06:27:32+00:00,广东广州南方基地3.1栋203机房,773409.727861771
2021-01-26 06:27:44+00:00,广东广州南方基地3.1栋203机房,1072773.9076923076
2021-01-26 06:30:05+00:00,广东广州南方基地3.1栋203机房,1092311.6622039136
2021-01-26 06:35:16+00:00,广东广州南方基地3.1栋203机房,
2021-01-26 06:36:09+00:00,广东广州南方基地3.1栋203机房,1098358.6928999145
2021-01-26 06:37:32+00:00,广东广州南方基地3.1栋203机房,1081298.7528307098
2021-01-26 06:37:44+00:00,广东广州南方基地3.1栋203机房,1114372.6380910296
2021-01-26 06:40:05+00:00,广东广州南方基地3.1栋203机房,1105741.9809378574
2021-01-26 06:45:16+00:00,广东广州南方基地3.1栋203机房,
2021-01-26 06:46:09+00:00,广东广州南方基地3.1栋203机房,1120549.2639053254
2021-01-26 06:47:32+00:00,广东广州南方基地3.1栋203机房,1135430.3795672224
2021-01-26 06:47:44+00:00,广东广州南方基地3.1栋203机房,1129007.7480823577
2021-01-26 06:50:05+00:00,广东广州南方基地3.1栋203机房,1128879.803340687
2021-01-26 06:55:16+00:00,广东广州南方基地3.1栋203机房,
2021-01-26 06:56:09+00:00,广东广州南方基地3.1栋203机房,1147636.5583562804
2021-01-26 06:57:32+00:00,广东广州南方基地3.1栋203机房,1164765.188559685
2021-01-26 06:57:44+00:00,广东广州南方基地3.1栋203机房,1093254.1178214154
2021-01-26 07:00:05+00:00,广东广州南方基地3.1栋203机房,1190063.3625357694
2021-01-26 07:05:16+00:00,广东广州南方基地3.1栋203机房,
2021-01-26 07:06:09+00:00,广东广州南方基地3.1栋203机房,1252795.8300283286
2021-01-26 07:07:32+00:00,广东广州南方基地3.1栋203机房,1230124.2218700475
2021-01-26 07:07:44+00:00,广东广州南方基地3.1栋203机房,1202319.8092153687
2021-01-26 07:10:05+00:00,广东广州南方基地3.1栋203机房,1241714.4470588234
2021-01-26 07:15:16+00:00,广东广州南方基地3.1栋203机房,
2021-01-26 07:16:09+00:00,广东广州南方基地3.1栋203机房,1243946.6525339517
2021-01-26 07:17:32+00:00,广东广州南方基地3.1栋203机房,1272438.2737932084
2021-01-26 07:17:43+00:00,广东广州南方基地3.1栋203机房,1212335.6206050694
2021-01-26 07:20:05+00:00,广东广州南方基地3.1栋203机房,1288095.3739930955
2021-01-26 07:25:16+00:00,广东广州南方基地3.1栋203机房,
2021-01-26 07:26:09+00:00,广东广州南方基地3.1栋203机房,1281733.9402744148
2021-01-26 07:27:32+00:00,广东广州南方基地3.1栋203机房,1287413.3784928026
2021-01-26 07:27:43+00:00,广东广州南方基地3.1栋203机房,1271183.4413924941
2021-01-26 07:30:05+00:00,广东广州南方基地3.1栋203机房,1291079.067994803
2021-01-26 07:35:16+00:00,广东广州南方基地3.1栋203机房,
2021-01-26 07:36:09+00:00,广东广州南方基地3.1栋203机房,1273773.5302013422
2021-01-26 07:37:32+00:00,广东广州南方基地3.1栋203机房,1294612.4571792423
2021-01-26 07:37:43+00:00,广东广州南方基地3.1栋203机房,1275926.9632333769
2021-01-26 07:40:05+00:00,广东广州南方基地3.1栋203机房,1287712.492573589
2021-01-26 07:45:16+00:00,广东广州南方基地3.1栋203机房,
2021-01-26 07:46:09+00:00,广东广州南方基地3.1栋203机房,1276308.3543223052
2021-01-26 07:47:32+00:00,广东广州南方基地3.1栋203机房,1290957.4811529934
2021-01-26 07:47:43+00:00,广东广州南方基地3.1栋203机房,1294047.9862798343
2021-01-26 07:50:05+00:00,广东广州南方基地3.1栋203机房,1316528.618854071
2021-01-26 07:55:16+00:00,广东广州南方基地3.1栋203机房,
2021-01-26 07:56:09+00:00,广东广州南方基地3.1栋203机房,1284552.833153153
2021-01-26 07:57:32+00:00,广东广州南方基地3.1栋203机房,1345371.7268534144
2021-01-26 07:57:43+00:00,广东广州南方基地3.1栋203机房,1340359.5673997414
2021-01-26 08:00:04+00:00,广东广州南方基地3.1栋203机房,1370133.5102266446
2021-01-26 08:05:16+00:00,广东广州南方基地3.1栋203机房,
2021-01-26 08:06:09+00:00,广东广州南方基地3.1栋203机房,1314290.0544747082
2021-01-26 08:07:32+00:00,广东广州南方基地3.1栋203机房,1364657.9767415083
2021-01-26 08:07:43+00:00,广东广州南方基地3.1栋203机房,1332075.9266802445
2021-01-26 08:10:04+00:00,广东广州南方基地3.1栋203机房,1373072.646819179
2021-01-26 08:15:16+00:00,广东广州南方基地3.1栋203机房,
2021-01-26 08:16:09+00:00,广东广州南方基地3.1栋203机房,1350173.110367893
2021-01-26 08:17:32+00:00,广东广州南方基地3.1栋203机房,1369989.6473311153
2021-01-26 08:17:43+00:00,广东广州南方基地3.1栋203机房,1346361.9034830045
2021-01-26 08:20:04+00:00,广东广州南方基地3.1栋203机房,1365767.743939061
2021-01-26 08:25:16+00:00,广东广州南方基地3.1栋203机房,
2021-01-26 08:26:09+00:00,广东广州南方基地3.1栋203机房,1330752.0301270988
2021-01-26 08:27:32+00:00,广东广州南方基地3.1栋203机房,1339814.9442297074
2021-01-26 08:27:43+00:00,广东广州南方基地3.1栋203机房,1321105.873998701
2021-01-26 08:30:04+00:00,广东广州南方基地3.1栋203机房,1345870.4336966875
2021-01-26 08:35:16+00:00,广东广州南方基地3.1栋203机房,
2021-01-26 08:36:09+00:00,广东广州南方基地3.1栋203机房,1329619.640141284
2021-01-26 08:37:32+00:00,广东广州南方基地3.1栋203机房,1313686.1999629012
2021-01-26 08:37:43+00:00,广东广州南方基地3.1栋203机房,1283291.646370264
2021-01-26 08:40:04+00:00,广东广州南方基地3.1栋203机房,1331987.1484464903
2021-01-26 08:45:16+00:00,广东广州南方基地3.1栋203机房,
2021-01-26 08:46:08+00:00,广东广州南方基地3.1栋203机房,1318867.7189189189
2021-01-26 08:47:32+00:00,广东广州南方基地3.1栋203机房,1333816.0450904777
2021-01-26 08:47:43+00:00,广东广州南方基地3.1栋203机房,
2021-01-26 08:50:04+00:00,广东广州南方基地3.1栋203机房,1336422.7666012242
2021-01-26 08:55:16+00:00,广东广州南方基地3.1栋203机房,
2021-01-26 08:56:08+00:00,广东广州南方基地3.1栋203机房,1321501.729032258
2021-01-26 08:57:32+00:00,广东广州南方基地3.1栋203机房,1331439.1275273522
2021-01-26 08:57:43+00:00,广东广州南方基地3.1栋203机房,1311548.2590837283
2021-01-26 09:00:04+00:00,广东广州南方基地3.1栋203机房,1338732.799079534
2021-01-26 09:05:16+00:00,广东广州南方基地3.1栋203机房,
2021-01-26 09:06:08+00:00,广东广州南方基地3.1栋203机房,
2021-01-26 09:07:32+00:00,广东广州南方基地3.1栋203机房,1335534.0056232428
2021-01-26 09:07:43+00:00,广东广州南方基地3.1栋203机房,1296029.2013061512
2021-01-26 09:10:04+00:00,广东广州南方基地3.1栋203机房,1351151.6966547105
2021-01-26 09:15:16+00:00,广东广州南方基地3.1栋203机房,
2021-01-26 09:16:08+00:00,广东广州南方基地3.1栋203机房,1309120.1673931996
2021-01-26 09:17:31+00:00,广东广州南方基地3.1栋203机房,1333985.7465590888
2021-01-26 09:17:43+00:00,广东广州南方基地3.1栋203机房,1321833.671244562
2021-01-26 09:20:04+00:00,广东广州南方基地3.1栋203机房,1309066.730656822
2021-01-26 09:25:16+00:00,广东广州南方基地3.1栋203机房,
2021-01-26 09:26:08+00:00,广东广州南方基地3.1栋203机房,1316831.8779143705
2021-01-26 09:27:31+00:00,广东广州南方基地3.1栋203机房,1311610.3992007992
2021-01-26 09:27:43+00:00,广东广州南方基地3.1栋203机房,1300571.84208509
2021-01-26 09:30:04+00:00,广东广州南方基地3.1栋203机房,1333080.124942242
2021-01-26 09:35:16+00:00,广东广州南方基地3.1栋203机房,
2021-01-26 09:36:08+00:00,广东广州南方基地3.1栋203机房,1291161.2921563268
2021-01-26 09:37:31+00:00,广东广州南方基地3.1栋203机房,1296328.4947880472
2021-01-26 09:37:43+00:00,广东广州南方基地3.1栋203机房,1302959.0369019222
2021-01-26 09:40:04+00:00,广东广州南方基地3.1栋203机房,1310190.9990827371
2021-01-26 09:45:16+00:00,广东广州南方基地3.1栋203机房,
2021-01-26 09:46:08+00:00,广东广州南方基地3.1栋203机房,1274923.025210084
2021-01-26 09:47:31+00:00,广东广州南方基地3.1栋203机房,1307924.09556314
2021-01-26 09:47:43+00:00,广东广州南方基地3.1栋203机房,1285360.4758323648
2021-01-26 09:50:04+00:00,广东广州南方基地3.1栋203机房,1280971.576791809
2021-01-26 09:55:16+00:00,广东广州南方基地3.1栋203机房,
2021-01-26 09:56:08+00:00,广东广州南方基地3.1栋203机房,1256814.9624573379
2021-01-26 09:57:31+00:00,广东广州南方基地3.1栋203机房,1306976.613627091
2021-01-26 09:57:43+00:00,广东广州南方基地3.1栋203机房,1281493.63773826
2021-01-26 10:00:04+00:00,广东广州南方基地3.1栋203机房,1298345.670789061
2021-01-26 10:05:16+00:00,广东广州南方基地3.1栋203机房,
2021-01-26 10:06:08+00:00,广东广州南方基地3.1栋203机房,1275404.5153464437
2021-01-26 10:07:31+00:00,广东广州南方基地3.1栋203机房,1260898.4570047196
2021-01-26 10:07:43+00:00,广东广州南方基地3.1栋203机房,1283952.3649541675
2021-01-26 10:10:04+00:00,广东广州南方基地3.1栋203机房,1236353.0503872996
2021-01-26 10:15:16+00:00,广东广州南方基地3.1栋203机房,
2021-01-26 10:16:08+00:00,广东广州南方基地3.1栋203机房,1259387.4789488555
2021-01-26 10:17:31+00:00,广东广州南方基地3.1栋203机房,1244842.5298597193
2021-01-26 10:17:43+00:00,广东广州南方基地3.1栋203机房,1253802.5437332785
2021-01-26 10:20:04+00:00,广东广州南方基地3.1栋203机房,1273718.9839543107
2021-01-26 10:25:16+00:00,广东广州南方基地3.1栋203机房,
2021-01-26 10:26:08+00:00,广东广州南方基地3.1栋203机房,1261896.1920727375
2021-01-26 10:27:31+00:00,广东广州南方基地3.1栋203机房,1286804.9290877124
2021-01-26 10:27:43+00:00,广东广州南方基地3.1栋203机房,1278918.4462993878
2021-01-26 10:30:04+00:00,广东广州南方基地3.1栋203机房,1318114.3245749613
2021-01-26 10:35:16+00:00,广东广州南方基地3.1栋203机房,
2021-01-26 10:36:08+00:00,广东广州南方基地3.1栋203机房,1296895.6780163508
2021-01-26 10:37:31+00:00,广东广州南方基地3.1栋203机房,1306323.5924906132
2021-01-26 10:37:43+00:00,广东广州南方基地3.1栋203机房,
2021-01-26 10:40:04+00:00,广东广州南方基地3.1栋203机房,1289688.3896848138
2021-01-26 10:45:16+00:00,广东广州南方基地3.1栋203机房,
2021-01-26 10:46:08+00:00,广东广州南方基地3.1栋203机房,1279610.4153577662
2021-01-26 10:47:31+00:00,广东广州南方基地3.1栋203机房,1276486.6930340282
2021-01-26 10:47:43+00:00,广东广州南方基地3.1栋203机房,1255036.9456887718
2021-01-26 10:50:04+00:00,广东广州南方基地3.1栋203机房,1266272.1085740486
2021-01-26 10:55:16+00:00,广东广州南方基地3.1栋203机房,
2021-01-26 10:56:08+00:00,广东广州南方基地3.1栋203机房,1280223.9424155816
2021-01-26 10:57:31+00:00,广东广州南方基地3.1栋203机房,1227397.474332374
2021-01-26 10:57:43+00:00,广东广州南方基地3.1栋203机房,1271215.9082719083
2021-01-26 11:00:04+00:00,广东广州南方基地3.1栋203机房,1287831.728172043
2021-01-26 11:05:16+00:00,广东广州南方基地3.1栋203机房,
2021-01-26 11:06:08+00:00,广东广州南方基地3.1栋203机房,1205023.219512195
2021-01-26 11:07:31+00:00,广东广州南方基地3.1栋203机房,1313161.537254902
2021-01-26 11:07:43+00:00,广东广州南方基地3.1栋203机房,1281592.888888889
2021-01-26 11:10:04+00:00,广东广州南方基地3.1栋203机房,1320710.4025406907
2021-01-26 11:15:16+00:00,广东广州南方基地3.1栋203机房,
2021-01-26 11:16:08+00:00,广东广州南方基地3.1栋203机房,1291010.69263732
2021-01-26 11:17:31+00:00,广东广州南方基地3.1栋203机房,1296585.708123652
2021-01-26 11:17:43+00:00,广东广州南方基地3.1栋203机房,1269514.5984516998
2021-01-26 11:20:04+00:00,广东广州南方基地3.1栋203机房,1304157.3854195324
2021-01-26 11:25:16+00:00,广东广州南方基地3.1栋203机房,
2021-01-26 11:26:08+00:00,广东广州南方基地3.1栋203机房,1290603.2463421917
2021-01-26 11:27:31+00:00,广东广州南方基地3.1栋203机房,1309947.6252209782
2021-01-26 11:27:43+00:00,广东广州南方基地3.1栋203机房,1280150.3034669068
2021-01-26 11:30:04+00:00,广东广州南方基地3.1栋203机房,1271677.2765957448
2021-01-26 11:35:16+00:00,广东广州南方基地3.1栋203机房,
2021-01-26 11:36:08+00:00,广东广州南方基地3.1栋203机房,1287365.7017329754
2021-01-26 11:37:31+00:00,广东广州南方基地3.1栋203机房,1311409.3752249135
2021-01-26 11:37:43+00:00,广东广州南方基地3.1栋203机房,1293426.117033172
2021-01-26 11:40:04+00:00,广东广州南方基地3.1栋203机房,1297952.1680246242
2021-01-26 11:45:16+00:00,广东广州南方基地3.1栋203机房,
2021-01-26 11:46:08+00:00,广东广州南方基地3.1栋203机房,1323254.0612995506
2021-01-26 11:47:31+00:00,广东广州南方基地3.1栋203机房,1297240.7383617193
2021-01-26 11:47:43+00:00,广东广州南方基地3.1栋203机房,1264850.3398140322
2021-01-26 11:50:04+00:00,广东广州南方基地3.1栋203机房,1287713.3904329445
2021-01-26 11:55:16+00:00,广东广州南方基地3.1栋203机房,
2021-01-26 11:56:08+00:00,广东广州南方基地3.1栋203机房,1241957.4495560937
2021-01-26 11:57:31+00:00,广东广州南方基地3.1栋203机房,1294140.5199028614
2021-01-26 11:57:43+00:00,广东广州南方基地3.1栋203机房,1245949.673734314
2021-01-26 12:00:04+00:00,广东广州南方基地3.1栋203机房,1288055.4666666666
2021-01-26 12:05:16+00:00,广东广州南方基地3.1栋203机房,
2021-01-26 12:06:08+00:00,广东广州南方基地3.1栋203机房,1277461.9391698875
2021-01-26 12:07:31+00:00,广东广州南方基地3.1栋203机房,1292516.0094751278
2021-01-26 12:07:43+00:00,广东广州南方基地3.1栋203机房,1295941.461549276
2021-01-26 12:10:04+00:00,广东广州南方基地3.1栋203机房,1294943.9641842444
2021-01-26 12:15:16+00:00,广东广州南方基地3.1栋203机房,
2021-01-26 12:16:08+00:00,广东广州南方基地3.1栋203机房,1301027.280672269
2021-01-26 12:17:31+00:00,广东广州南方基地3.1栋203机房,1322187.5425940137
2021-01-26 12:17:43+00:00,广东广州南方基地3.1栋203机房,1319707.6462800119
2021-01-26 12:20:04+00:00,广东广州南方基地3.1栋203机房,1327261.4292223873
2021-01-26 12:25:16+00:00,广东广州南方基地3.1栋203机房,
2021-01-26 12:26:08+00:00,广东广州南方基地3.1栋203机房,1286820.8319088318
2021-01-26 12:27:31+00:00,广东广州南方基地3.1栋203机房,1307002.9858207162
2021-01-26 12:27:43+00:00,广东广州南方基地3.1栋203机房,1285376.873499305
2021-01-26 12:30:04+00:00,广东广州南方基地3.1栋203机房,1309819.4306198657
2021-01-26 12:35:16+00:00,广东广州南方基地3.1栋203机房,
2021-01-26 12:36:08+00:00,广东广州南方基地3.1栋203机房,1303405.1914776631
2021-01-26 12:37:31+00:00,广东广州南方基地3.1栋203机房,1290561.6404914965
2021-01-26 12:37:43+00:00,广东广州南方基地3.1栋203机房,1288663.271773003
2021-01-26 12:40:04+00:00,广东广州南方基地3.1栋203机房,1312381.0861300165
2021-01-26 12:45:16+00:00,广东广州南方基地3.1栋203机房,
2021-01-26 12:46:08+00:00,广东广州南方基地3.1栋203机房,1286481.6576308948
2021-01-26 12:47:31+00:00,广东广州南方基地3.1栋203机房,1264591.2554822606
2021-01-26 12:47:43+00:00,广东广州南方基地3.1栋203机房,1306226.102857143
2021-01-26 12:50:04+00:00,广东广州南方基地3.1栋203机房,1291822.3733826247
2021-01-26 12:55:16+00:00,广东广州南方基地3.1栋203机房,
2021-01-26 12:56:08+00:00,广东广州南方基地3.1栋203机房,1230589.615580017
2021-01-26 12:57:31+00:00,广东广州南方基地3.1栋203机房,1256736.6498781478
2021-01-26 12:57:42+00:00,广东广州南方基地3.1栋203机房,1269507.4591795453
2021-01-26 13:00:04+00:00,广东广州南方基地3.1栋203机房,1272947.3859442482
2021-01-26 13:05:16+00:00,广东广州南方基地3.1栋203机房,
2021-01-26 13:06:08+00:00,广东广州南方基地3.1栋203机房,1227471.3309285238
2021-01-26 13:07:31+00:00,广东广州南方基地3.1栋203机房,1303046.371954426
2021-01-26 13:07:42+00:00,广东广州南方基地3.1栋203机房,1217418.1355102041
2021-01-26 13:10:04+00:00,广东广州南方基地3.1栋203机房,1279094.0482573726
2021-01-26 13:15:16+00:00,广东广州南方基地3.1栋203机房,
2021-01-26 13:16:08+00:00,广东广州南方基地3.1栋203机房,1241536.8597111404
2021-01-26 13:17:31+00:00,广东广州南方基地3.1栋203机房,1286091.7204943856
2021-01-26 13:17:42+00:00,广东广州南方基地3.1栋203机房,1264240.5673758865
2021-01-26 13:20:04+00:00,广东广州南方基地3.1栋203机房,1259849.566086003
2021-01-26 13:25:16+00:00,广东广州南方基地3.1栋203机房,
2021-01-26 13:26:08+00:00,广东广州南方基地3.1栋203机房,1156370.303789127
2021-01-26 13:27:31+00:00,广东广州南方基地3.1栋203机房,1287001.853982721
2021-01-26 13:27:42+00:00,广东广州南方基地3.1栋203机房,1302136.5238938052
2021-01-26 13:30:04+00:00,广东广州南方基地3.1栋203机房,1305196.5276021913
2021-01-26 13:35:16+00:00,广东广州南方基地3.1栋203机房,
2021-01-26 13:36:08+00:00,广东广州南方基地3.1栋203机房,1280585.2482882882
2021-01-26 13:37:31+00:00,广东广州南方基地3.1栋203机房,1325265.598027127
2021-01-26 13:37:42+00:00,广东广州南方基地3.1栋203机房,1253450.288540808
2021-01-26 13:40:04+00:00,广东广州南方基地3.1栋203机房,1306099.0719390186
2021-01-26 13:45:16+00:00,广东广州南方基地3.1栋203机房,
2021-01-26 13:46:08+00:00,广东广州南方基地3.1栋203机房,1282417.5947375947
2021-01-26 13:47:31+00:00,广东广州南方基地3.1栋203机房,1280133.6532630192
2021-01-26 13:47:42+00:00,广东广州南方基地3.1栋203机房,1280981.226204063
2021-01-26 13:50:03+00:00,广东广州南方基地3.1栋203机房,1265035.3844194438
2021-01-26 13:55:16+00:00,广东广州南方基地3.1栋203机房,
2021-01-26 13:56:08+00:00,广东广州南方基地3.1栋203机房,1237983.582867784
2021-01-26 13:57:31+00:00,广东广州南方基地3.1栋203机房,1276393.901975128
2021-01-26 13:57:42+00:00,广东广州南方基地3.1栋203机房,1248741.996497373
2021-01-26 14:00:03+00:00,广东广州南方基地3.1栋203机房,1271069.2528713257
2021-01-26 14:05:16+00:00,广东广州南方基地3.1栋203机房,
2021-01-26 14:06:08+00:00,广东广州南方基地3.1栋203机房,1279709.5782512857
2021-01-26 14:07:31+00:00,广东广州南方基地3.1栋203机房,1156550.2624958255
2021-01-26 14:07:42+00:00,广东广州南方基地3.1栋203机房,1198489.280872614
2021-01-26 14:10:03+00:00,广东广州南方基地3.1栋203机房,1248806.1556846474
2021-01-26 14:15:16+00:00,广东广州南方基地3.1栋203机房,
2021-01-26 14:16:07+00:00,广东广州南方基地3.1栋203机房,1261258.8679245282
2021-01-26 14:17:31+00:00,广东广州南方基地3.1栋203机房,1250939.420310806
2021-01-26 14:17:42+00:00,广东广州南方基地3.1栋203机房,1278548.7252573238
2021-01-26 14:20:03+00:00,广东广州南方基地3.1栋203机房,1289032.3509161577
2021-01-26 14:25:16+00:00,广东广州南方基地3.1栋203机房,
2021-01-26 14:26:07+00:00,广东广州南方基地3.1栋203机房,1233769.471531064
2021-01-26 14:27:31+00:00,广东广州南方基地3.1栋203机房,1297347.7647058824
2021-01-26 14:27:42+00:00,广东广州南方基地3.1栋203机房,1243005.5907088507
2021-01-26 14:30:03+00:00,广东广州南方基地3.1栋203机房,1277143.2288906209
2021-01-26 14:35:16+00:00,广东广州南方基地3.1栋203机房,
2021-01-26 14:36:07+00:00,广东广州南方基地3.1栋203机房,1232661.1974522292
2021-01-26 14:37:31+00:00,广东广州南方基地3.1栋203机房,1296460.3708518646
2021-01-26 14:37:42+00:00,广东广州南方基地3.1栋203机房,1259571.8558236521
2021-01-26 14:40:03+00:00,广东广州南方基地3.1栋203机房,1274055.3141162295
2021-01-26 14:45:16+00:00,广东广州南方基地3.1栋203机房,
2021-01-26 14:46:07+00:00,广东广州南方基地3.1栋203机房,1284278.962536023
2021-01-26 14:47:31+00:00,广东广州南方基地3.1栋203机房,1258618.8231209859
2021-01-26 14:47:42+00:00,广东广州南方基地3.1栋203机房,1262776.47162051
2021-01-26 14:50:03+00:00,广东广州南方基地3.1栋203机房,1257512.5544554456
2021-01-26 14:55:16+00:00,广东广州南方基地3.1栋203机房,
2021-01-26 14:56:07+00:00,广东广州南方基地3.1栋203机房,1239506.1380323055
2021-01-26 14:57:31+00:00,广东广州南方基地3.1栋203机房,1280273.006599208
2021-01-26 14:57:42+00:00,广东广州南方基地3.1栋203机房,1242822.6764761365
2021-01-26 15:00:03+00:00,广东广州南方基地3.1栋203机房,1258744.233680849
2021-01-26 15:05:16+00:00,广东广州南方基地3.1栋203机房,
2021-01-26 15:06:07+00:00,广东广州南方基地3.1栋203机房,1239185.0224525044
2021-01-26 15:07:30+00:00,广东广州南方基地3.1栋203机房,1255260.998434678
2021-01-26 15:07:42+00:00,广东广州南方基地3.1栋203机房,1269094.635388424
2021-01-26 15:10:03+00:00,广东广州南方基地3.1栋203机房,1278440.0087177625
2021-01-26 15:15:16+00:00,广东广州南方基地3.1栋203机房,
2021-01-26 15:16:07+00:00,广东广州南方基地3.1栋203机房,1262730.735483871
2021-01-26 15:17:30+00:00,广东广州南方基地3.1栋203机房,1261765.3975903615
2021-01-26 15:17:42+00:00,广东广州南方基地3.1栋203机房,1265792.5101686255
2021-01-26 15:20:03+00:00,广东广州南方基地3.1栋203机房,1260649.3169415293
2021-01-26 15:25:16+00:00,广东广州南方基地3.1栋203机房,
2021-01-26 15:26:07+00:00,广东广州南方基地3.1栋203机房,1250894.0976407381
2021-01-26 15:27:30+00:00,广东广州南方基地3.1栋203机房,1291775.8603763294
2021-01-26 15:27:42+00:00,广东广州南方基地3.1栋203机房,1268769.3671252716
2021-01-26 15:30:03+00:00,广东广州南方基地3.1栋203机房,1291859.1948261925
2021-01-26 15:35:16+00:00,广东广州南方基地3.1栋203机房,
2021-01-26 15:36:07+00:00,广东广州南方基地3.1栋203机房,1275784.718657453
2021-01-26 15:37:30+00:00,广东广州南方基地3.1栋203机房,1297670.847829938
2021-01-26 15:37:42+00:00,广东广州南方基地3.1栋203机房,1275295.1351351351
2021-01-26 15:40:03+00:00,广东广州南方基地3.1栋203机房,1293990.7153458
2021-01-26 15:45:16+00:00,广东广州南方基地3.1栋203机房,
2021-01-26 15:46:07+00:00,广东广州南方基地3.1栋203机房,1261927.6136962248
2021-01-26 15:47:30+00:00,广东广州南方基地3.1栋203机房,1285816.4597505066
2021-01-26 15:47:42+00:00,广东广州南方基地3.1栋203机房,
2021-01-26 15:50:03+00:00,广东广州南方基地3.1栋203机房,1247860.0383666758
2021-01-26 15:55:17+00:00,广东广州南方基地3.1栋203机房,
2021-01-26 15:56:07+00:00,广东广州南方基地3.1栋203机房,1221511.1514789364
2021-01-26 15:57:30+00:00,广东广州南方基地3.1栋203机房,1274555.161340608
2021-01-26 15:57:42+00:00,广东广州南方基地3.1栋203机房,1269200.1795133324
2021-01-26 16:00:03+00:00,广东广州南方基地3.1栋203机房,1291018.2013882939
2021-01-26 16:05:17+00:00,广东广州南方基地3.1栋203机房,
2021-01-26 16:06:07+00:00,广东广州南方基地3.1栋203机房,1272492.9356044868
2021-01-26 16:07:30+00:00,广东广州南方基地3.1栋203机房,1262673.0791788856
2021-01-26 16:07:42+00:00,广东广州南方基地3.1栋203机房,1256183.5095477386
2021-01-26 16:10:03+00:00,广东广州南方基地3.1栋203机房,1247678.0399638517
2021-01-26 16:15:17+00:00,广东广州南方基地3.1栋203机房,
2021-01-26 16:16:07+00:00,广东广州南方基地3.1栋203机房,1270614.5201668984
2021-01-26 16:17:30+00:00,广东广州南方基地3.1栋203机房,1290632.7516852387
2021-01-26 16:17:42+00:00,广东广州南方基地3.1栋203机房,1272923.139938984
2021-01-26 16:20:03+00:00,广东广州南方基地3.1栋203机房,1280794.885844749
2021-01-26 16:25:17+00:00,广东广州南方基地3.1栋203机房,
2021-01-26 16:26:07+00:00,广东广州南方基地3.1栋203机房,
2021-01-26 16:27:30+00:00,广东广州南方基地3.1栋203机房,1277227.6418134132
2021-01-26 16:27:42+00:00,广东广州南方基地3.1栋203机房,1267134.8467397362
2021-01-26 16:30:03+00:00,广东广州南方基地3.1栋203机房,1275667.2698353985
2021-01-26 16:35:17+00:00,广东广州南方基地3.1栋203机房,
2021-01-26 16:36:07+00:00,广东广州南方基地3.1栋203机房,1267391.4106813995
2021-01-26 16:37:30+00:00,广东广州南方基地3.1栋203机房,1293906.7895212285
2021-01-26 16:37:42+00:00,广东广州南方基地3.1栋203机房,1204127.9271836162
2021-01-26 16:40:03+00:00,广东广州南方基地3.1栋203机房,1279790.9820075033
2021-01-26 16:45:17+00:00,广东广州南方基地3.1栋203机房,
2021-01-26 16:46:07+00:00,广东广州南方基地3.1栋203机房,
2021-01-26 16:47:30+00:00,广东广州南方基地3.1栋203机房,1211418.3431673355
2021-01-26 16:47:42+00:00,广东广州南方基地3.1栋203机房,1280059.6862241623
2021-01-26 16:50:03+00:00,广东广州南方基地3.1栋203机房,1301470.0572650589
2021-01-26 16:55:17+00:00,广东广州南方基地3.1栋203机房,
2021-01-26 16:56:07+00:00,广东广州南方基地3.1栋203机房,1283803.6753109847
2021-01-26 16:57:30+00:00,广东广州南方基地3.1栋203机房,1301106.3562207243
2021-01-26 16:57:42+00:00,广东广州南方基地3.1栋203机房,1289173.3782118708
2021-01-26 17:00:03+00:00,广东广州南方基地3.1栋203机房,1294289.0843143493
2021-01-26 17:05:17+00:00,广东广州南方基地3.1栋203机房,
2021-01-26 17:06:07+00:00,广东广州南方基地3.1栋203机房,1263835.769828927
2021-01-26 17:07:30+00:00,广东广州南方基地3.1栋203机房,1274131.525569518
2021-01-26 17:07:42+00:00,广东广州南方基地3.1栋203机房,1291691.3816267517
2021-01-26 17:10:03+00:00,广东广州南方基地3.1栋203机房,1275886.2793572312
2021-01-26 17:15:17+00:00,广东广州南方基地3.1栋203机房,
2021-01-26 17:16:07+00:00,广东广州南方基地3.1栋203机房,1263008.9018675722
2021-01-26 17:17:30+00:00,广东广州南方基地3.1栋203机房,1311420.5451630144
2021-01-26 17:17:42+00:00,广东广州南方基地3.1栋203机房,1278694.4113727233
2021-01-26 17:20:03+00:00,广东广州南方基地3.1栋203机房,1230580.0561174552
2021-01-26 17:25:17+00:00,广东广州南方基地3.1栋203机房,
2021-01-26 17:26:07+00:00,广东广州南方基地3.1栋203机房,1275379.8084200996
2021-01-26 17:27:30+00:00,广东广州南方基地3.1栋203机房,1308374.4141146818
2021-01-26 17:27:42+00:00,广东广州南方基地3.1栋203机房,1285400.5129059118
2021-01-26 17:30:03+00:00,广东广州南方基地3.1栋203机房,1309254.6758882047
2021-01-26 17:35:17+00:00,广东广州南方基地3.1栋203机房,
2021-01-26 17:36:07+00:00,广东广州南方基地3.1栋203机房,1264181.5711835334
2021-01-26 17:37:30+00:00,广东广州南方基地3.1栋203机房,1256299.9995311217
2021-01-26 17:37:42+00:00,广东广州南方基地3.1栋203机房,1238774.9387842927
2021-01-26 17:40:03+00:00,广东广州南方基地3.1栋203机房,1276395.1723424075
2021-01-26 17:45:17+00:00,广东广州南方基地3.1栋203机房,
2021-01-26 17:46:07+00:00,广东广州南方基地3.1栋203机房,1263475.7537700864
2021-01-26 17:47:30+00:00,广东广州南方基地3.1栋203机房,1284449.5218035216
2021-01-26 17:47:42+00:00,广东广州南方基地3.1栋203机房,1277990.379011478
2021-01-26 17:50:03+00:00,广东广州南方基地3.1栋203机房,1300537.5106776527
2021-01-26 17:55:17+00:00,广东广州南方基地3.1栋203机房,
2021-01-26 17:56:07+00:00,广东广州南方基地3.1栋203机房,1317507.4185524974
2021-01-26 17:57:30+00:00,广东广州南方基地3.1栋203机房,1295239.5032566218
2021-01-26 17:57:42+00:00,广东广州南方基地3.1栋203机房,1307948.9217758984
2021-01-26 18:00:03+00:00,广东广州南方基地3.1栋203机房,1311451.5207489424
2021-01-26 18:05:17+00:00,广东广州南方基地3.1栋203机房,
2021-01-26 18:06:07+00:00,广东广州南方基地3.1栋203机房,
2021-01-26 18:07:30+00:00,广东广州南方基地3.1栋203机房,1294810.681305276
2021-01-26 18:07:42+00:00,广东广州南方基地3.1栋203机房,
2021-01-26 18:10:03+00:00,广东广州南方基地3.1栋203机房,1290769.6290823112
2021-01-26 18:15:17+00:00,广东广州南方基地3.1栋203机房,
2021-01-26 18:16:07+00:00,广东广州南方基地3.1栋203机房,1264556.4845581746
2021-01-26 18:17:30+00:00,广东广州南方基地3.1栋203机房,1220192.219478738
2021-01-26 18:17:42+00:00,广东广州南方基地3.1栋203机房,1245184.0
2021-01-26 18:20:03+00:00,广东广州南方基地3.1栋203机房,1271150.1849604708
2021-01-26 18:25:17+00:00,广东广州南方基地3.1栋203机房,
2021-01-26 18:26:07+00:00,广东广州南方基地3.1栋203机房,1287023.0461738566
2021-01-26 18:27:30+00:00,广东广州南方基地3.1栋203机房,1292454.0015800283
2021-01-26 18:27:42+00:00,广东广州南方基地3.1栋203机房,1253732.1739130435
2021-01-26 18:30:03+00:00,广东广州南方基地3.1栋203机房,1287972.4188569044
2021-01-26 18:35:17+00:00,广东广州南方基地3.1栋203机房,
2021-01-26 18:36:07+00:00,广东广州南方基地3.1栋203机房,1279147.9124087591
2021-01-26 18:37:30+00:00,广东广州南方基地3.1栋203机房,1317375.8142908958
2021-01-26 18:37:41+00:00,广东广州南方基地3.1栋203机房,1274880.0
2021-01-26 18:40:03+00:00,广东广州南方基地3.1栋203机房,1297004.5495905369
2021-01-26 18:45:17+00:00,广东广州南方基地3.1栋203机房,
2021-01-26 18:46:07+00:00,广东广州南方基地3.1栋203机房,1270319.3445181428
2021-01-26 18:47:30+00:00,广东广州南方基地3.1栋203机房,1087039.7467275495
2021-01-26 18:47:41+00:00,广东广州南方基地3.1栋203机房,1274555.466070097
2021-01-26 18:50:03+00:00,广东广州南方基地3.1栋203机房,1282941.8658762504
2021-01-26 18:55:17+00:00,广东广州南方基地3.1栋203机房,
2021-01-26 18:56:07+00:00,广东广州南方基地3.1栋203机房,
2021-01-26 18:57:30+00:00,广东广州南方基地3.1栋203机房,1268757.1028183135
2021-01-26 18:57:41+00:00,广东广州南方基地3.1栋203机房,1263442.9179134655
2021-01-26 19:00:03+00:00,广东广州南方基地3.1栋203机房,1258973.686158853
2021-01-26 19:05:17+00:00,广东广州南方基地3.1栋203机房,
2021-01-26 19:06:07+00:00,广东广州南方基地3.1栋203机房,1260549.0033954452
2021-01-26 19:07:30+00:00,广东广州南方基地3.1栋203机房,1270794.1749470597
2021-01-26 19:07:41+00:00,广东广州南方基地3.1栋203机房,1169254.9860561914
2021-01-26 19:10:03+00:00,广东广州南方基地3.1栋203机房,1288943.4059156703
2021-01-26 19:15:17+00:00,广东广州南方基地3.1栋203机房,
2021-01-26 19:16:07+00:00,广东广州南方基地3.1栋203机房,1278707.5388556789
2021-01-26 19:17:30+00:00,广东广州南方基地3.1栋203机房,1258924.648682429
2021-01-26 19:17:41+00:00,广东广州南方基地3.1栋203机房,1262195.7456148947
2021-01-26 19:20:03+00:00,广东广州南方基地3.1栋203机房,1296769.8672693651
2021-01-26 19:25:17+00:00,广东广州南方基地3.1栋203机房,
2021-01-26 19:26:07+00:00,广东广州南方基地3.1栋203机房,
2021-01-26 19:27:30+00:00,广东广州南方基地3.1栋203机房,1303808.3779793293
2021-01-26 19:27:41+00:00,广东广州南方基地3.1栋203机房,1210259.0441839495
2021-01-26 19:30:02+00:00,广东广州南方基地3.1栋203机房,1292098.6779111256
2021-01-26 19:35:17+00:00,广东广州南方基地3.1栋203机房,
2021-01-26 19:36:07+00:00,广东广州南方基地3.1栋203机房,1289565.2034213461
2021-01-26 19:37:30+00:00,广东广州南方基地3.1栋203机房,1217133.1470324318
2021-01-26 19:37:41+00:00,广东广州南方基地3.1栋203机房,1259803.2388027092
2021-01-26 19:40:02+00:00,广东广州南方基地3.1栋203机房,1311919.31037804
2021-01-26 19:45:17+00:00,广东广州南方基地3.1栋203机房,
2021-01-26 19:46:06+00:00,广东广州南方基地3.1栋203机房,1292529.0648140837
2021-01-26 19:47:30+00:00,广东广州南方基地3.1栋203机房,1293519.755094082
2021-01-26 19:47:41+00:00,广东广州南方基地3.1栋203机房,1298724.7218508997
2021-01-26 19:50:02+00:00,广东广州南方基地3.1栋203机房,1270829.0363948343
2021-01-26 19:55:17+00:00,广东广州南方基地3.1栋203机房,
2021-01-26 19:56:06+00:00,广东广州南方基地3.1栋203机房,
2021-01-26 19:57:30+00:00,广东广州南方基地3.1栋203机房,1336190.7017492282
2021-01-26 19:57:41+00:00,广东广州南方基地3.1栋203机房,1303100.8955460768
2021-01-26 20:00:02+00:00,广东广州南方基地3.1栋203机房,1315105.5715056665
2021-01-26 20:05:17+00:00,广东广州南方基地3.1栋203机房,
2021-01-26 20:06:06+00:00,广东广州南方基地3.1栋203机房,1301348.0124352332
2021-01-26 20:07:30+00:00,广东广州南方基地3.1栋203机房,1329559.4460999123
2021-01-26 20:07:41+00:00,广东广州南方基地3.1栋203机房,1318894.1423561748
2021-01-26 20:10:02+00:00,广东广州南方基地3.1栋203机房,1313998.3177396944
2021-01-26 20:15:17+00:00,广东广州南方基地3.1栋203机房,
2021-01-26 20:16:06+00:00,广东广州南方基地3.1栋203机房,1290724.7974750132
2021-01-26 20:17:30+00:00,广东广州南方基地3.1栋203机房,1222239.5303983227
2021-01-26 20:17:41+00:00,广东广州南方基地3.1栋203机房,1289660.2295332823
2021-01-26 20:20:02+00:00,广东广州南方基地3.1栋203机房,1285742.6595523525
2021-01-26 20:25:17+00:00,广东广州南方基地3.1栋203机房,
2021-01-26 20:26:06+00:00,广东广州南方基地3.1栋203机房,1314951.096140351
2021-01-26 20:27:30+00:00,广东广州南方基地3.1栋203机房,1284714.6025356164
2021-01-26 20:27:41+00:00,广东广州南方基地3.1栋203机房,1309161.9375928678
2021-01-26 20:30:02+00:00,广东广州南方基地3.1栋203机房,1339713.8893970894
2021-01-26 20:35:17+00:00,广东广州南方基地3.1栋203机房,
2021-01-26 20:36:06+00:00,广东广州南方基地3.1栋203机房,1349733.5979112273
2021-01-26 20:37:30+00:00,广东广州南方基地3.1栋203机房,1365782.6136210384
2021-01-26 20:37:41+00:00,广东广州南方基地3.1栋203机房,1323333.80294599
2021-01-26 20:40:02+00:00,广东广州南方基地3.1栋203机房,1366584.3195165708
2021-01-26 20:45:17+00:00,广东广州南方基地3.1栋203机房,
2021-01-26 20:46:06+00:00,广东广州南方基地3.1栋203机房,1356762.6357147621
2021-01-26 20:47:30+00:00,广东广州南方基地3.1栋203机房,1290316.611560275
2021-01-26 20:47:41+00:00,广东广州南方基地3.1栋203机房,1344103.456759546
2021-01-26 20:50:02+00:00,广东广州南方基地3.1栋203机房,1372740.8606871932
2021-01-26 20:55:17+00:00,广东广州南方基地3.1栋203机房,
2021-01-26 20:56:06+00:00,广东广州南方基地3.1栋203机房,1295539.2248463281
2021-01-26 20:57:29+00:00,广东广州南方基地3.1栋203机房,1354606.6298112026
2021-01-26 20:57:41+00:00,广东广州南方基地3.1栋203机房,1332853.530343008
2021-01-26 21:00:02+00:00,广东广州南方基地3.1栋203机房,1354144.2601626017
2021-01-26 21:05:17+00:00,广东广州南方基地3.1栋203机房,
2021-01-26 21:06:06+00:00,广东广州南方基地3.1栋203机房,1304829.1235955057
2021-01-26 21:07:29+00:00,广东广州南方基地3.1栋203机房,1285519.6384527
2021-01-26 21:07:41+00:00,广东广州南方基地3.1栋203机房,1321726.1402019057
2021-01-26 21:10:02+00:00,广东广州南方基地3.1栋203机房,1312838.3353535354
2021-01-26 21:15:17+00:00,广东广州南方基地3.1栋203机房,
2021-01-26 21:16:06+00:00,广东广州南方基地3.1栋203机房,1305360.2903744543
2021-01-26 21:17:29+00:00,广东广州南方基地3.1栋203机房,1337080.428645265
2021-01-26 21:17:41+00:00,广东广州南方基地3.1栋203机房,1284883.0592700078
2021-01-26 21:20:02+00:00,广东广州南方基地3.1栋203机房,1321824.944801027
2021-01-26 21:25:17+00:00,广东广州南方基地3.1栋203机房,
2021-01-26 21:26:06+00:00,广东广州南方基地3.1栋203机房,1312962.3381565274
2021-01-26 21:27:29+00:00,广东广州南方基地3.1栋203机房,1339144.3004071785
2021-01-26 21:27:41+00:00,广东广州南方基地3.1栋203机房,1299172.7844133843
2021-01-26 21:30:02+00:00,广东广州南方基地3.1栋203机房,1339829.883779388
2021-01-26 21:35:17+00:00,广东广州南方基地3.1栋203机房,
2021-01-26 21:36:06+00:00,广东广州南方基地3.1栋203机房,1288007.5663679044
2021-01-26 21:37:29+00:00,广东广州南方基地3.1栋203机房,1339683.3695135135
2021-01-26 21:37:41+00:00,广东广州南方基地3.1栋203机房,
2021-01-26 21:40:02+00:00,广东广州南方基地3.1栋203机房,1346085.1264755481
2021-01-26 21:45:17+00:00,广东广州南方基地3.1栋203机房,
2021-01-26 21:46:06+00:00,广东广州南方基地3.1栋203机房,1308284.8012560513
2021-01-26 21:47:29+00:00,广东广州南方基地3.1栋203机房,1342424.731563422
2021-01-26 21:47:41+00:00,广东广州南方基地3.1栋203机房,1321524.6162300787
2021-01-26 21:50:02+00:00,广东广州南方基地3.1栋203机房,1333991.3141046795
2021-01-26 21:55:17+00:00,广东广州南方基地3.1栋203机房,
2021-01-26 21:56:06+00:00,广东广州南方基地3.1栋203机房,1331531.0046279815
2021-01-26 21:57:29+00:00,广东广州南方基地3.1栋203机房,1329173.8608296176
2021-01-26 21:57:41+00:00,广东广州南方基地3.1栋203机房,1322215.8095032864
2021-01-26 22:00:02+00:00,广东广州南方基地3.1栋203机房,1273371.2121482806
2021-01-26 22:05:17+00:00,广东广州南方基地3.1栋203机房,
2021-01-26 22:06:06+00:00,广东广州南方基地3.1栋203机房,1311692.3442136499
2021-01-26 22:07:29+00:00,广东广州南方基地3.1栋203机房,1316423.2911392406
2021-01-26 22:07:41+00:00,广东广州南方基地3.1栋203机房,1321417.7999756364
2021-01-26 22:10:02+00:00,广东广州南方基地3.1栋203机房,1283815.6886125542
2021-01-26 22:15:17+00:00,广东广州南方基地3.1栋203机房,
2021-01-26 22:16:06+00:00,广东广州南方基地3.1栋203机房,1314256.17510817
2021-01-26 22:17:29+00:00,广东广州南方基地3.1栋203机房,1340728.4155320222
2021-01-26 22:17:41+00:00,广东广州南方基地3.1栋203机房,1318702.11229655
2021-01-26 22:20:02+00:00,广东广州南方基地3.1栋203机房,1297248.8786623715
2021-01-26 22:25:17+00:00,广东广州南方基地3.1栋203机房,
2021-01-26 22:26:06+00:00,广东广州南方基地3.1栋203机房,1164397.4842767296
2021-01-26 22:27:29+00:00,广东广州南方基地3.1栋203机房,1303651.0147805484
2021-01-26 22:27:41+00:00,广东广州南方基地3.1栋203机房,1302735.6353567624
2021-01-26 22:30:02+00:00,广东广州南方基地3.1栋203机房,1323332.9102730819
2021-01-26 22:35:17+00:00,广东广州南方基地3.1栋203机房,
2021-01-26 22:36:06+00:00,广东广州南方基地3.1栋203机房,1256072.8010213387
2021-01-26 22:37:29+00:00,广东广州南方基地3.1栋203机房,1291154.540164453
2021-01-26 22:37:41+00:00,广东广州南方基地3.1栋203机房,1238594.6874666098
2021-01-26 22:40:02+00:00,广东广州南方基地3.1栋203机房,875293.0903492735
2021-01-26 22:45:17+00:00,广东广州南方基地3.1栋203机房,
2021-01-26 22:46:06+00:00,广东广州南方基地3.1栋203机房,1299407.238095238
2021-01-26 22:47:29+00:00,广东广州南方基地3.1栋203机房,1308283.501814641
2021-01-26 22:47:41+00:00,广东广州南方基地3.1栋203机房,1296613.3728845788
2021-01-26 22:50:02+00:00,广东广州南方基地3.1栋203机房,1317145.961047683
2021-01-26 22:55:17+00:00,广东广州南方基地3.1栋203机房,
2021-01-26 22:56:06+00:00,广东广州南方基地3.1栋203机房,1281283.4962063732
2021-01-26 22:57:29+00:00,广东广州南方基地3.1栋203机房,1310754.66137776
2021-01-26 22:57:41+00:00,广东广州南方基地3.1栋203机房,1288286.0005922415
2021-01-26 23:00:02+00:00,广东广州南方基地3.1栋203机房,1312108.2093931765
2021-01-26 23:05:17+00:00,广东广州南方基地3.1栋203机房,
2021-01-26 23:06:06+00:00,广东广州南方基地3.1栋203机房,1275165.836582331
2021-01-26 23:07:29+00:00,广东广州南方基地3.1栋203机房,1341832.519647153
2021-01-26 23:07:41+00:00,广东广州南方基地3.1栋203机房,1301972.2211089411
2021-01-26 23:10:02+00:00,广东广州南方基地3.1栋203机房,1327012.074233923
2021-01-26 23:15:17+00:00,广东广州南方基地3.1栋203机房,
2021-01-26 23:16:06+00:00,广东广州南方基地3.1栋203机房,
2021-01-26 23:17:29+00:00,广东广州南方基地3.1栋203机房,1313324.58679135
2021-01-26 23:17:41+00:00,广东广州南方基地3.1栋203机房,1306192.722005571
2021-01-26 23:20:02+00:00,广东广州南方基地3.1栋203机房,1330216.3370342206
2021-01-26 23:25:17+00:00,广东广州南方基地3.1栋203机房,
2021-01-26 23:26:06+00:00,广东广州南方基地3.1栋203机房,1290521.573416407
2021-01-26 23:27:29+00:00,广东广州南方基地3.1栋203机房,1299483.058132707
2021-01-26 23:27:41+00:00,广东广州南方基地3.1栋203机房,1281044.3332650973
2021-01-26 23:30:02+00:00,广东广州南方基地3.1栋203机房,1308057.4108956603
2021-01-26 23:35:17+00:00,广东广州南方基地3.1栋203机房,
2021-01-26 23:36:06+00:00,广东广州南方基地3.1栋203机房,1286330.7553912508
2021-01-26 23:37:29+00:00,广东广州南方基地3.1栋203机房,1302252.1182130584
2021-01-26 23:37:41+00:00,广东广州南方基地3.1栋203机房,1287715.4873746615
2021-01-26 23:40:02+00:00,广东广州南方基地3.1栋203机房,1300561.8535199838
2021-01-26 23:45:17+00:00,广东广州南方基地3.1栋203机房,
2021-01-26 23:46:06+00:00,广东广州南方基地3.1栋203机房,1269905.0240581026
2021-01-26 23:47:29+00:00,广东广州南方基地3.1栋203机房,1311520.3865657772
2021-01-26 23:47:41+00:00,广东广州南方基地3.1栋203机房,
2021-01-26 23:50:02+00:00,广东广州南方基地3.1栋203机房,1277343.575596817
2021-01-26 23:55:17+00:00,广东广州南方基地3.1栋203机房,
2021-01-26 23:56:06+00:00,广东广州南方基地3.1栋203机房,1263258.589708685
2021-01-26 23:57:29+00:00,广东广州南方基地3.1栋203机房,1297269.424275306
2021-01-26 23:57:41+00:00,广东广州南方基地3.1栋203机房,1286779.0989040725
